Post_ID,Post_Date,Day,Hour,Platform,Content_Type,Content_Category,Followers,Reach,Impressions,Likes,Comments,Shares,Saves,Video_Views,Engagement_Rate,Month,Month_Number,Time_Slot
POST-0001,11-12-2025,Thursday,21,LinkedIn,Carousel,Tutorial,5035,2480,2862,137,22,16,13,0,7.58,December,12,Night
POST-0002,17-08-2025,Sunday,13,Facebook,Carousel,Entertainment,5073,1665,2852,28,3,2,0,0,1.98,August,8,Afternoon
POST-0003,07-09-2025,Sunday,12,Instagram,Carousel,Entertainment,5088,3402,4690,174,24,18,18,0,6.88,September,9,Afternoon
POST-0004,24-11-2025,Monday,12,Instagram,Image,Behind the Scenes,5120,2089,2676,101,4,10,12,0,6.08,November,11,Afternoon
POST-0005,31-07-2025,Thursday,15,Instagram,Image,Education,5156,4792,8501,131,22,5,3,0,3.36,July,7,Afternoon
POST-0006,11-10-2025,Saturday,19,Instagram,Video,Behind the Scenes,5187,5288,7076,570,65,47,66,4709,14.15,October,10,Evening
POST-0007,01-11-2025,Saturday,21,Instagram,Image,Product,5234,1263,1524,51,5,2,5,0,4.99,November,11,Night
POST-0008,24-03-2025,Monday,20,YouTube,Video,Announcement,5277,2042,2649,68,7,2,5,736,4.02,March,3,Night
POST-0009,21-01-2025,Tuesday,17,LinkedIn,Text,Product,5295,2263,3911,56,3,5,6,0,3.09,January,1,Evening
POST-0010,20-04-2025,Sunday,21,Instagram,Text,Announcement,5324,1408,2517,25,2,1,0,0,1.99,April,4,Night
POST-0011,15-04-2025,Tuesday,8,LinkedIn,Image,Education,5342,1458,2028,115,5,9,4,0,9.12,April,4,Morning
POST-0012,15-11-2025,Saturday,10,Facebook,Carousel,Entertainment,5377,2832,4022,170,28,7,23,0,8.05,November,11,Morning
POST-0013,30-11-2025,Sunday,12,LinkedIn,Image,Product,5395,2405,3604,143,15,16,18,0,7.98,November,11,Afternoon
POST-0014,02-01-2025,Thursday,10,YouTube,Image,Announcement,5434,1087,1825,60,2,4,2,0,6.26,January,1,Morning
POST-0015,02-07-2025,Wednesday,18,Instagram,Image,Announcement,5466,2006,2119,209,36,17,16,0,13.86,July,7,Evening
POST-0016,27-10-2025,Monday,14,Facebook,Text,Product,5506,3588,5908,169,19,16,9,0,5.94,October,10,Afternoon
POST-0017,17-02-2025,Monday,11,Instagram,Image,Announcement,5532,1389,2471,82,10,8,2,0,7.34,February,2,Morning
POST-0018,18-10-2025,Saturday,22,Instagram,Carousel,Behind the Scenes,5543,1622,2196,128,18,4,14,0,10.11,October,10,Night
POST-0019,13-02-2025,Thursday,11,Facebook,Text,Announcement,5592,6458,8901,606,81,28,63,0,12.05,February,2,Morning
POST-0020,20-06-2025,Friday,17,Facebook,Image,Announcement,5618,5566,9842,489,47,57,9,0,10.82,June,6,Evening
POST-0021,26-10-2025,Sunday,16,Instagram,Short,Behind the Scenes,5662,1105,1497,124,8,10,10,509,13.76,October,10,Evening
POST-0022,21-04-2025,Monday,17,Instagram,Video,Tutorial,5696,1283,1709,49,1,5,0,806,4.29,April,4,Evening
POST-0023,05-05-2025,Monday,20,LinkedIn,Short,Product,5732,3319,5623,372,46,18,7,1512,13.35,May,5,Night
POST-0024,12-04-2025,Saturday,12,Instagram,Short,Tutorial,5782,1400,1966,149,6,17,8,994,12.86,April,4,Afternoon
POST-0025,20-09-2025,Saturday,14,Facebook,Short,Behind the Scenes,5814,2347,3603,118,9,7,1,793,5.75,September,9,Afternoon
POST-0026,04-04-2025,Friday,22,Instagram,Text,Education,5859,2104,2661,189,30,18,14,0,11.93,April,4,Night
POST-0027,28-12-2025,Sunday,15,Facebook,Short,Product,5869,3670,5725,415,68,46,37,2593,15.42,December,12,Afternoon
POST-0028,12-06-2025,Thursday,10,Instagram,Text,Tutorial,5907,671,889,56,7,3,2,0,10.13,June,6,Morning
POST-0029,24-06-2025,Tuesday,8,YouTube,Video,Behind the Scenes,5932,803,1315,80,3,3,6,621,11.46,June,6,Morning
POST-0030,04-07-2025,Friday,16,Instagram,Image,Entertainment,5959,1374,1950,127,21,8,2,0,11.5,July,7,Evening
POST-0031,01-08-2025,Friday,10,YouTube,Video,Entertainment,5987,4710,8193,548,27,16,9,2629,12.74,August,8,Morning
POST-0032,22-07-2025,Tuesday,18,Facebook,Video,Product,6019,2477,3617,237,38,5,16,1550,11.95,July,7,Evening
POST-0033,05-07-2025,Saturday,15,Instagram,Image,Behind the Scenes,6067,1054,1784,23,3,2,0,0,2.66,July,7,Afternoon
POST-0034,30-12-2025,Tuesday,20,Instagram,Short,Product,6073,3537,4882,144,25,11,13,1468,5.46,December,12,Night
POST-0035,22-10-2025,Wednesday,8,Facebook,Short,Education,6101,3980,6176,118,20,2,13,3234,3.84,October,10,Morning
POST-0036,17-10-2025,Friday,20,YouTube,Video,Announcement,6120,2356,2945,166,16,13,1,880,8.32,October,10,Night
POST-0037,13-09-2025,Saturday,20,Instagram,Text,Product,6162,2248,3348,49,3,2,5,0,2.62,September,9,Night
POST-0038,16-08-2025,Saturday,13,YouTube,Video,Tutorial,6185,3431,5308,275,45,28,19,1276,10.7,August,8,Afternoon
POST-0039,05-05-2025,Monday,16,YouTube,Image,Product,6219,5245,6258,548,41,30,71,0,13.16,May,5,Evening
POST-0040,27-12-2025,Saturday,12,LinkedIn,Short,Behind the Scenes,6242,2933,4275,339,27,7,35,1584,13.91,December,12,Afternoon
POST-0041,20-06-2025,Friday,16,Instagram,Text,Behind the Scenes,6278,3616,6296,70,7,5,8,0,2.49,June,6,Evening
POST-0042,20-03-2025,Thursday,22,Facebook,Short,Entertainment,6318,2626,3154,225,10,25,24,1327,10.81,March,3,Night
POST-0043,05-11-2025,Wednesday,8,YouTube,Image,Education,6342,2187,3097,66,5,5,7,0,3.8,November,11,Morning
POST-0044,28-02-2025,Friday,16,Facebook,Image,Entertainment,6370,1629,2733,143,7,16,16,0,11.17,February,2,Evening
POST-0045,09-11-2025,Sunday,17,Instagram,Short,Education,6381,3105,4252,68,6,1,7,2381,2.64,November,11,Evening
POST-0046,12-08-2025,Tuesday,12,Facebook,Image,Announcement,6413,2286,2451,54,8,2,1,0,2.84,August,8,Afternoon
POST-0047,11-02-2025,Tuesday,10,Facebook,Short,Announcement,6451,2359,3406,118,18,10,12,854,6.7,February,2,Morning
POST-0048,17-01-2025,Friday,10,Instagram,Short,Education,6472,4497,6280,86,13,5,7,3698,2.47,January,1,Morning
POST-0049,12-06-2025,Thursday,9,Instagram,Image,Entertainment,6514,3527,6157,271,36,9,15,0,9.38,June,6,Morning
POST-0050,14-01-2025,Tuesday,20,LinkedIn,Text,Announcement,6517,4352,6736,141,20,7,10,0,4.09,January,1,Night
POST-0051,21-02-2025,Friday,16,Facebook,Image,Tutorial,6523,1133,1849,86,8,4,2,0,8.83,February,2,Evening
POST-0052,07-07-2025,Monday,20,Instagram,Short,Product,6534,3666,4861,441,71,39,18,2800,15.52,July,7,Night
POST-0053,21-12-2025,Sunday,14,Facebook,Carousel,Education,6556,1949,3356,107,5,10,11,0,6.82,December,12,Afternoon
POST-0054,20-06-2025,Friday,16,Instagram,Image,Product,6584,1729,2889,102,5,8,8,0,7.11,June,6,Evening
POST-0055,23-10-2025,Thursday,22,YouTube,Carousel,Product,6612,1688,1887,188,8,15,23,0,13.86,October,10,Night
POST-0056,01-12-2025,Monday,13,LinkedIn,Carousel,Tutorial,6639,5251,8115,218,19,20,9,0,5.07,December,12,Afternoon
POST-0057,28-10-2025,Tuesday,15,YouTube,Carousel,Tutorial,6675,4252,7349,428,15,48,16,0,11.92,October,10,Afternoon
POST-0058,18-08-2025,Monday,17,Instagram,Video,Product,6698,1818,2795,172,22,7,15,1017,11.88,August,8,Evening
POST-0059,11-06-2025,Wednesday,17,Instagram,Text,Entertainment,6711,1442,2564,23,1,1,3,0,1.94,June,6,Evening
POST-0060,07-07-2025,Monday,22,Instagram,Text,Product,6724,2717,3384,117,15,12,6,0,5.52,July,7,Night
POST-0061,08-04-2025,Tuesday,20,Instagram,Video,Tutorial,6777,2094,3121,200,22,21,10,1329,12.08,April,4,Night
POST-0062,01-07-2025,Tuesday,16,Instagram,Text,Product,6777,6719,9742,136,17,10,2,0,2.46,July,7,Evening
POST-0063,19-05-2025,Monday,16,Instagram,Carousel,Announcement,6803,1207,1534,114,15,10,4,0,11.85,May,5,Evening
POST-0064,01-04-2025,Tuesday,19,Instagram,Video,Behind the Scenes,6848,985,1611,114,16,8,12,932,15.23,April,4,Evening
POST-0065,29-12-2025,Monday,19,YouTube,Short,Announcement,6882,2343,3217,241,23,11,27,1701,12.89,December,12,Evening
POST-0066,05-01-2025,Sunday,21,Instagram,Image,Entertainment,6900,2713,4170,245,28,18,17,0,11.35,January,1,Night
POST-0067,05-02-2025,Wednesday,22,Facebook,Short,Product,6928,2901,4747,224,14,9,24,2204,9.34,February,2,Night
POST-0068,12-03-2025,Wednesday,19,LinkedIn,Short,Education,6966,4082,6512,402,41,11,13,2380,11.44,March,3,Evening
POST-0069,20-12-2025,Saturday,10,Instagram,Carousel,Announcement,7009,8436,9492,497,21,25,46,0,6.98,December,12,Morning
POST-0070,10-09-2025,Wednesday,15,YouTube,Video,Product,7026,2234,2438,144,24,14,15,1885,8.82,September,9,Afternoon
POST-0071,18-11-2025,Tuesday,8,YouTube,Short,Behind the Scenes,7063,1999,3328,193,32,6,8,879,11.96,November,11,Morning
POST-0072,15-03-2025,Saturday,10,Instagram,Carousel,Education,7094,1024,1574,59,2,1,5,0,6.54,March,3,Morning
POST-0073,21-09-2025,Sunday,10,Instagram,Text,Behind the Scenes,7135,3083,3579,137,4,5,14,0,5.19,September,9,Morning
POST-0074,15-05-2025,Thursday,18,LinkedIn,Video,Product,7180,4312,4948,189,16,17,4,1644,5.24,May,5,Evening
POST-0075,28-06-2025,Saturday,13,YouTube,Short,Announcement,7204,2337,3325,157,16,16,5,1340,8.3,June,6,Afternoon
POST-0076,02-01-2025,Thursday,20,Facebook,Short,Product,7215,5163,6110,289,28,12,22,3578,6.8,January,1,Night
POST-0077,14-08-2025,Thursday,17,Instagram,Image,Education,7247,2742,4792,233,18,27,9,0,10.47,August,8,Evening
POST-0078,30-10-2025,Thursday,22,YouTube,Image,Behind the Scenes,7297,6205,7557,566,69,38,16,0,11.1,October,10,Night
POST-0079,31-08-2025,Sunday,8,LinkedIn,Image,Behind the Scenes,7333,3239,5693,268,24,23,8,0,9.97,August,8,Morning
POST-0080,26-02-2025,Wednesday,10,LinkedIn,Video,Education,7364,1508,2392,153,12,12,15,947,12.73,February,2,Morning
POST-0081,14-07-2025,Monday,20,Instagram,Video,Education,7421,1900,2787,109,3,6,6,603,6.53,July,7,Night
POST-0082,08-04-2025,Tuesday,9,YouTube,Image,Product,7436,1160,1801,59,6,5,4,0,6.38,April,4,Morning
POST-0083,19-12-2025,Friday,12,Instagram,Video,Behind the Scenes,7475,1037,1627,112,3,11,8,842,12.92,December,12,Afternoon
POST-0084,18-11-2025,Tuesday,17,Facebook,Short,Behind the Scenes,7496,3123,3947,110,16,7,5,1873,4.42,November,11,Evening
POST-0085,09-03-2025,Sunday,14,Instagram,Image,Education,7525,4351,6161,349,34,17,33,0,9.95,March,3,Afternoon
POST-0086,06-07-2025,Sunday,20,Instagram,Carousel,Product,7554,7901,8689,507,42,57,34,0,8.1,July,7,Night
POST-0087,10-12-2025,Wednesday,9,Facebook,Image,Announcement,7600,2616,2840,187,24,16,4,0,8.83,December,12,Morning
POST-0088,06-11-2025,Thursday,9,YouTube,Image,Announcement,7617,2367,4160,196,31,10,14,0,10.6,November,11,Morning
POST-0089,16-09-2025,Tuesday,21,YouTube,Short,Education,7638,1465,2472,136,6,3,8,1049,10.44,September,9,Night
POST-0090,22-08-2025,Friday,17,LinkedIn,Image,Behind the Scenes,7647,4642,7497,162,14,9,17,0,4.35,August,8,Evening
POST-0091,16-01-2025,Thursday,10,Instagram,Carousel,Announcement,7681,3341,3768,60,9,3,8,0,2.39,January,1,Morning
POST-0092,28-09-2025,Sunday,11,Instagram,Image,Education,7703,1944,2950,200,31,19,3,0,13.01,September,9,Morning
POST-0093,22-06-2025,Sunday,10,Instagram,Carousel,Product,7737,3939,6248,387,33,34,34,0,12.39,June,6,Morning
POST-0094,03-02-2025,Monday,22,Instagram,Text,Product,7752,3672,5041,228,18,16,22,0,7.73,February,2,Night
POST-0095,31-03-2025,Monday,12,Instagram,Video,Behind the Scenes,7775,964,1285,85,12,8,5,529,11.41,March,3,Afternoon
POST-0096,17-07-2025,Thursday,13,YouTube,Image,Behind the Scenes,7816,4058,6471,103,3,7,6,0,2.93,July,7,Afternoon
POST-0097,23-09-2025,Tuesday,22,LinkedIn,Carousel,Tutorial,7842,2906,3073,156,7,16,17,0,6.74,September,9,Night
POST-0098,05-07-2025,Saturday,9,YouTube,Video,Tutorial,7877,2174,3049,183,20,3,12,1715,10.03,July,7,Morning
POST-0099,12-08-2025,Tuesday,20,YouTube,Text,Education,7912,2144,2663,178,20,4,10,0,9.89,August,8,Night
POST-0100,15-11-2025,Saturday,19,Instagram,Image,Behind the Scenes,7935,7055,9755,255,29,27,24,0,4.75,November,11,Evening
POST-0101,08-09-2025,Monday,9,YouTube,Video,Product,7945,6277,9192,185,26,16,13,3265,3.82,September,9,Morning
POST-0102,12-05-2025,Monday,12,Facebook,Short,Announcement,7984,7363,10053,840,135,37,15,6237,13.95,May,5,Afternoon
POST-0103,23-08-2025,Saturday,21,YouTube,Short,Education,8014,1434,2448,161,14,3,7,533,12.9,August,8,Night
POST-0104,07-08-2025,Thursday,14,Facebook,Carousel,Behind the Scenes,8054,1881,3219,56,4,1,7,0,3.62,August,8,Afternoon
POST-0105,09-02-2025,Sunday,19,YouTube,Text,Tutorial,8058,4438,7188,421,66,21,12,0,11.72,February,2,Evening
POST-0106,22-01-2025,Wednesday,9,Instagram,Video,Tutorial,8066,1387,2282,146,8,15,9,1246,12.83,January,1,Morning
POST-0107,29-08-2025,Friday,19,YouTube,Image,Announcement,8069,1815,2587,61,8,2,5,0,4.19,August,8,Evening
POST-0108,22-05-2025,Thursday,12,YouTube,Short,Announcement,8086,999,1252,107,14,3,2,542,12.61,May,5,Afternoon
POST-0109,07-08-2025,Thursday,11,Instagram,Text,Product,8127,7474,12419,382,59,38,13,0,6.58,August,8,Morning
POST-0110,28-04-2025,Monday,9,YouTube,Carousel,Product,8161,4839,5503,235,29,8,11,0,5.85,April,4,Morning
POST-0111,24-03-2025,Monday,19,Facebook,Carousel,Product,8189,3470,5189,99,4,4,9,0,3.34,March,3,Evening
POST-0112,24-02-2025,Monday,11,Instagram,Image,Education,8219,3042,4639,213,29,19,5,0,8.74,February,2,Morning
POST-0113,20-05-2025,Tuesday,16,YouTube,Carousel,Entertainment,8256,2144,2426,160,15,16,16,0,9.65,May,5,Evening
POST-0114,25-10-2025,Saturday,16,Facebook,Carousel,Entertainment,8280,2167,2607,126,7,14,13,0,7.38,October,10,Evening
POST-0115,27-05-2025,Tuesday,13,YouTube,Text,Tutorial,8313,3784,5880,98,3,2,10,0,2.99,May,5,Afternoon
POST-0116,19-05-2025,Monday,12,Instagram,Short,Tutorial,8342,1823,3086,189,12,8,6,1053,11.79,May,5,Afternoon
POST-0117,30-07-2025,Wednesday,8,Instagram,Short,Announcement,8344,5297,7114,279,12,21,19,2451,6.25,July,7,Morning
POST-0118,24-12-2025,Wednesday,18,YouTube,Text,Announcement,8368,2057,2979,86,3,4,10,0,5.01,December,12,Evening
POST-0119,24-05-2025,Saturday,15,Facebook,Video,Behind the Scenes,8412,1668,2637,135,21,11,8,1073,10.49,May,5,Afternoon
POST-0120,04-08-2025,Monday,21,YouTube,Short,Tutorial,8435,5507,8185,219,37,9,15,2645,5.08,August,8,Night
POST-0121,10-06-2025,Tuesday,11,Instagram,Image,Entertainment,8461,2491,3480,248,44,19,15,0,13.09,June,6,Morning
POST-0122,09-08-2025,Saturday,16,Facebook,Short,Entertainment,8482,3659,5593,302,34,10,29,1506,10.25,August,8,Evening
POST-0123,12-06-2025,Thursday,8,LinkedIn,Image,Product,8504,2146,3396,176,20,6,17,0,10.21,June,6,Morning
POST-0124,21-08-2025,Thursday,8,Instagram,Image,Announcement,8546,782,1290,36,1,3,3,0,5.5,August,8,Morning
POST-0125,19-07-2025,Saturday,14,Instagram,Short,Behind the Scenes,8571,3644,5359,235,10,18,27,2357,7.96,July,7,Afternoon
POST-0126,04-09-2025,Thursday,22,Instagram,Video,Product,8586,1286,1987,57,7,3,5,1033,5.6,September,9,Night
POST-0127,16-12-2025,Tuesday,18,Facebook,Image,Tutorial,8577,4891,5851,177,20,10,15,0,4.54,December,12,Evening
POST-0128,25-02-2025,Tuesday,10,LinkedIn,Image,Entertainment,8598,1149,1345,57,6,4,2,0,6.01,February,2,Morning
POST-0129,24-07-2025,Thursday,21,Instagram,Short,Education,8603,967,1602,99,13,11,6,353,13.34,July,7,Night
POST-0130,10-06-2025,Tuesday,13,Instagram,Video,Tutorial,8609,3194,3889,231,34,12,26,1694,9.49,June,6,Afternoon
POST-0131,11-05-2025,Sunday,13,Instagram,Short,Entertainment,8646,3408,4695,367,49,8,43,2653,13.7,May,5,Afternoon
POST-0132,29-03-2025,Saturday,15,YouTube,Video,Product,8683,2860,4901,91,2,3,1,2039,3.39,March,3,Afternoon
POST-0133,20-01-2025,Monday,21,LinkedIn,Image,Announcement,8688,1383,1604,54,6,5,5,0,5.06,January,1,Night
POST-0134,27-05-2025,Tuesday,17,Instagram,Carousel,Education,8726,4397,6855,85,12,3,1,0,2.3,May,5,Evening
POST-0135,29-10-2025,Wednesday,13,Instagram,Carousel,Tutorial,8759,1205,1489,119,17,10,2,0,12.28,October,10,Afternoon
POST-0136,05-02-2025,Wednesday,13,YouTube,Text,Behind the Scenes,8778,2089,3174,47,7,1,2,0,2.73,February,2,Afternoon
POST-0137,29-05-2025,Thursday,10,YouTube,Short,Product,8815,1748,2905,137,14,10,2,738,9.32,May,5,Morning
POST-0138,20-12-2025,Saturday,14,Facebook,Video,Behind the Scenes,8823,2191,3648,186,20,9,15,1124,10.5,December,12,Afternoon
POST-0139,14-12-2025,Sunday,22,YouTube,Short,Education,8837,4311,7040,180,5,13,11,3025,4.85,December,12,Night
POST-0140,20-03-2025,Thursday,17,Instagram,Carousel,Announcement,8848,1903,2737,201,20,10,11,0,12.72,March,3,Evening
POST-0141,03-01-2025,Friday,13,Instagram,Image,Announcement,8862,3679,5362,389,44,30,46,0,13.84,January,1,Afternoon
POST-0142,03-09-2025,Wednesday,14,LinkedIn,Short,Education,8901,3951,4658,164,27,15,8,2563,5.42,September,9,Afternoon
POST-0143,06-01-2025,Monday,10,Facebook,Text,Tutorial,8913,1052,1196,28,4,2,1,0,3.33,January,1,Morning
POST-0144,20-04-2025,Sunday,12,Instagram,Image,Announcement,8927,1419,2285,106,3,6,4,0,8.39,April,4,Afternoon
POST-0145,01-07-2025,Tuesday,16,Facebook,Text,Education,8944,2184,2378,128,6,3,1,0,6.32,July,7,Evening
POST-0146,16-11-2025,Sunday,14,Instagram,Video,Behind the Scenes,8974,1947,3406,162,13,16,14,1688,10.53,November,11,Afternoon
POST-0147,03-02-2025,Monday,8,Facebook,Video,Product,8998,3194,3798,253,36,7,21,1005,9.92,February,2,Morning
POST-0148,30-08-2025,Saturday,13,Instagram,Short,Entertainment,9036,932,1481,112,5,6,6,508,13.84,August,8,Afternoon
POST-0149,14-07-2025,Monday,15,LinkedIn,Image,Announcement,9056,4009,5555,321,46,31,39,0,10.9,July,7,Afternoon
POST-0150,18-02-2025,Tuesday,12,Instagram,Carousel,Product,9068,4062,6131,181,20,20,9,0,5.66,February,2,Afternoon
POST-0151,05-11-2025,Wednesday,15,YouTube,Image,Entertainment,9090,2458,3975,216,34,19,7,0,11.23,November,11,Afternoon
POST-0152,05-11-2025,Wednesday,17,Facebook,Video,Tutorial,9119,1260,1602,79,5,2,0,400,6.83,November,11,Evening
POST-0153,26-06-2025,Thursday,12,YouTube,Short,Tutorial,9135,2705,4514,343,29,39,9,2394,15.53,June,6,Afternoon
POST-0154,11-12-2025,Thursday,15,Instagram,Short,Entertainment,9167,2006,3242,139,5,2,8,1170,7.68,December,12,Afternoon
POST-0155,10-08-2025,Sunday,12,Instagram,Video,Behind the Scenes,9216,3683,5470,73,7,1,3,3418,2.28,August,8,Afternoon
POST-0156,26-11-2025,Wednesday,14,Instagram,Video,Education,9237,2573,3809,301,42,27,17,2091,15.04,November,11,Afternoon
POST-0157,17-12-2025,Wednesday,15,Instagram,Short,Tutorial,9266,4025,5385,195,20,21,2,2244,5.91,December,12,Afternoon
POST-0158,27-07-2025,Sunday,18,Instagram,Text,Announcement,9310,2125,3775,194,20,16,2,0,10.92,July,7,Evening
POST-0159,13-04-2025,Sunday,9,Instagram,Short,Behind the Scenes,9330,5963,7994,502,83,52,41,3590,11.37,April,4,Morning
POST-0160,23-02-2025,Sunday,20,YouTube,Image,Education,9348,759,934,66,8,5,4,0,10.94,February,2,Night
POST-0161,25-07-2025,Friday,19,Instagram,Image,Behind the Scenes,9362,1542,2264,128,9,3,14,0,9.99,July,7,Evening
POST-0162,12-03-2025,Wednesday,17,YouTube,Image,Product,9395,3533,6150,362,61,29,41,0,13.95,March,3,Evening
POST-0163,01-10-2025,Wednesday,10,Instagram,Video,Education,9429,1174,2047,126,16,11,6,930,13.54,October,10,Morning
POST-0164,05-12-2025,Friday,13,Instagram,Image,Product,9455,4043,5998,304,22,20,20,0,9.05,December,12,Afternoon
POST-0165,31-03-2025,Monday,19,Instagram,Video,Entertainment,9483,1381,1856,74,3,6,6,1256,6.44,March,3,Evening
POST-0166,21-07-2025,Monday,22,Facebook,Video,Announcement,9526,2839,4571,189,24,11,4,1324,8.03,July,7,Night
POST-0167,18-01-2025,Saturday,22,Instagram,Image,Product,9565,1630,2394,68,6,1,7,0,5.03,January,1,Night
POST-0168,07-03-2025,Friday,9,YouTube,Video,Tutorial,9576,2116,3527,119,14,11,5,1526,7.04,March,3,Morning
POST-0169,18-05-2025,Sunday,18,Facebook,Image,Tutorial,9603,2969,4972,160,7,6,7,0,6.06,May,5,Evening
POST-0170,19-11-2025,Wednesday,20,YouTube,Carousel,Product,9632,2546,4014,144,20,5,9,0,6.99,November,11,Night
POST-0171,20-12-2025,Saturday,19,LinkedIn,Carousel,Education,9669,2186,3890,86,13,2,8,0,4.99,December,12,Evening
POST-0172,23-08-2025,Saturday,14,LinkedIn,Text,Announcement,9694,8815,13544,360,33,19,45,0,5.18,August,8,Afternoon
POST-0173,01-08-2025,Friday,18,Instagram,Text,Entertainment,9714,2709,4824,120,8,6,14,0,5.46,August,8,Evening
POST-0174,27-07-2025,Sunday,13,Facebook,Carousel,Product,9736,1582,2434,49,8,1,0,0,3.67,July,7,Afternoon
POST-0175,23-01-2025,Thursday,10,Instagram,Text,Product,9742,4492,5452,312,54,10,9,0,8.57,January,1,Morning
POST-0176,18-05-2025,Sunday,20,Instagram,Image,Behind the Scenes,9770,4235,6440,103,4,6,5,0,2.79,May,5,Night
POST-0177,25-12-2025,Thursday,10,YouTube,Short,Education,9790,5284,8590,247,27,5,3,3002,5.34,December,12,Morning
POST-0178,30-05-2025,Friday,17,YouTube,Image,Entertainment,9823,7208,9855,237,22,15,15,0,4.01,May,5,Evening
POST-0179,19-03-2025,Wednesday,13,LinkedIn,Image,Announcement,9839,1608,1890,120,8,3,8,0,8.64,March,3,Afternoon
POST-0180,29-03-2025,Saturday,22,Instagram,Text,Behind the Scenes,9861,4830,6345,201,21,6,15,0,5.03,March,3,Night
POST-0181,18-09-2025,Thursday,13,Facebook,Carousel,Tutorial,9877,5048,8259,118,15,3,6,0,2.81,September,9,Afternoon
POST-0182,14-01-2025,Tuesday,21,YouTube,Image,Behind the Scenes,9892,2697,3251,255,21,25,9,0,11.49,January,1,Night
POST-0183,20-12-2025,Saturday,12,Instagram,Short,Product,9928,3086,3266,202,15,20,14,2515,8.13,December,12,Afternoon
POST-0184,16-11-2025,Sunday,9,LinkedIn,Image,Behind the Scenes,9950,517,883,43,6,5,0,0,10.44,November,11,Morning
POST-0185,27-07-2025,Sunday,13,Facebook,Short,Behind the Scenes,9983,1967,3498,97,11,9,1,1532,6,July,7,Afternoon
POST-0186,20-06-2025,Friday,15,Instagram,Video,Product,9997,7211,12270,403,30,27,36,5564,6.88,June,6,Afternoon
POST-0187,05-10-2025,Sunday,22,LinkedIn,Video,Behind the Scenes,10026,1009,1665,74,3,3,2,746,8.13,October,10,Night
POST-0188,19-07-2025,Saturday,19,Instagram,Video,Entertainment,10033,2008,3207,52,3,3,1,1341,2.94,July,7,Evening
POST-0189,24-06-2025,Tuesday,14,Instagram,Video,Entertainment,10055,3160,4624,389,65,31,13,1757,15.76,June,6,Afternoon
POST-0190,28-04-2025,Monday,9,Instagram,Text,Tutorial,10076,3701,5695,104,15,11,8,0,3.73,April,4,Morning
POST-0191,13-06-2025,Friday,13,LinkedIn,Video,Education,10111,6616,10650,722,43,37,26,3796,12.52,June,6,Afternoon
POST-0192,02-10-2025,Thursday,16,Instagram,Image,Announcement,10140,1022,1324,77,8,7,7,0,9.69,October,10,Evening
POST-0193,21-01-2025,Tuesday,15,LinkedIn,Carousel,Behind the Scenes,10166,2761,3324,220,6,25,21,0,9.85,January,1,Afternoon
POST-0194,10-01-2025,Friday,22,YouTube,Carousel,Entertainment,10203,4327,6795,159,25,17,9,0,4.85,January,1,Night
POST-0195,20-09-2025,Saturday,12,Instagram,Short,Entertainment,10233,1309,1966,148,25,11,16,499,15.28,September,9,Afternoon
POST-0196,16-05-2025,Friday,11,YouTube,Image,Education,10267,2639,4731,178,10,13,18,0,8.3,May,5,Morning
POST-0197,21-10-2025,Tuesday,12,YouTube,Video,Product,10304,7605,10349,495,40,58,11,5349,7.94,October,10,Afternoon
POST-0198,12-01-2025,Sunday,9,YouTube,Short,Entertainment,10331,5564,7570,226,16,13,7,2865,4.71,January,1,Morning
POST-0199,28-11-2025,Friday,9,Facebook,Video,Announcement,10355,3629,4142,126,7,11,2,1866,4.02,November,11,Morning
POST-0200,14-02-2025,Friday,12,Facebook,Video,Announcement,10386,640,679,66,8,1,6,252,12.66,February,2,Afternoon
POST-0201,01-06-2025,Sunday,11,LinkedIn,Video,Entertainment,10408,2510,2897,287,24,11,8,1480,13.15,June,6,Morning
POST-0202,20-12-2025,Saturday,13,Instagram,Image,Education,10441,3336,4984,181,5,11,12,0,6.26,December,12,Afternoon
POST-0203,09-02-2025,Sunday,19,Facebook,Text,Entertainment,10481,2276,4035,174,10,16,3,0,8.92,February,2,Evening
POST-0204,29-08-2025,Friday,12,YouTube,Short,Education,10519,2601,2951,250,31,9,25,2378,12.11,August,8,Afternoon
POST-0205,23-09-2025,Tuesday,20,Facebook,Carousel,Behind the Scenes,10542,14704,17204,837,113,85,95,0,7.68,September,9,Night
POST-0206,06-06-2025,Friday,14,LinkedIn,Image,Education,10554,2397,3742,133,4,10,13,0,6.68,June,6,Afternoon
POST-0207,29-01-2025,Wednesday,10,LinkedIn,Carousel,Entertainment,10581,1582,2019,98,11,3,10,0,7.71,January,1,Morning
POST-0208,11-07-2025,Friday,20,Instagram,Carousel,Announcement,10607,3082,3341,147,18,3,8,0,5.71,July,7,Night
POST-0209,08-06-2025,Sunday,11,YouTube,Image,Behind the Scenes,10647,2267,3889,198,24,11,6,0,10.54,June,6,Morning
POST-0210,15-11-2025,Saturday,15,LinkedIn,Video,Product,10670,2274,2641,134,16,12,1,944,7.17,November,11,Afternoon
POST-0211,07-09-2025,Sunday,8,LinkedIn,Video,Education,10695,2571,3540,174,24,20,9,2156,8.83,September,9,Morning
POST-0212,06-05-2025,Tuesday,16,Instagram,Short,Behind the Scenes,10731,4128,6670,157,12,13,17,2588,4.82,May,5,Evening
POST-0213,22-01-2025,Wednesday,18,LinkedIn,Carousel,Entertainment,10753,3073,5024,300,47,12,4,0,11.81,January,1,Evening
POST-0214,04-08-2025,Monday,9,YouTube,Short,Behind the Scenes,10779,1392,2459,39,2,3,1,1171,3.23,August,8,Morning
POST-0215,13-04-2025,Sunday,14,Instagram,Video,Behind the Scenes,10827,2507,3746,239,8,7,15,1243,10.73,April,4,Afternoon
POST-0216,07-09-2025,Sunday,8,Facebook,Text,Product,10872,3501,4064,249,31,14,5,0,8.54,September,9,Morning
POST-0217,12-11-2025,Wednesday,17,YouTube,Image,Education,10907,2085,2315,103,7,7,4,0,5.8,November,11,Evening
POST-0218,10-05-2025,Saturday,22,YouTube,Text,Behind the Scenes,10938,5074,7774,556,69,29,57,0,14.01,May,5,Night
POST-0219,26-11-2025,Wednesday,18,Instagram,Carousel,Announcement,10953,4135,6001,79,6,3,2,0,2.18,November,11,Evening
POST-0220,09-07-2025,Wednesday,13,YouTube,Carousel,Product,10988,1564,1934,66,6,3,3,0,4.99,July,7,Afternoon
POST-0221,13-07-2025,Sunday,18,Instagram,Short,Product,11016,3215,3773,176,18,18,6,2334,6.78,July,7,Evening
POST-0222,07-10-2025,Tuesday,22,Instagram,Carousel,Tutorial,11046,8031,10542,602,82,39,21,0,9.26,October,10,Night
POST-0223,16-10-2025,Thursday,16,Facebook,Carousel,Announcement,11067,6362,8053,414,30,11,50,0,7.94,October,10,Evening
POST-0224,28-11-2025,Friday,13,YouTube,Video,Entertainment,11094,2615,3441,256,32,13,28,1473,12.58,November,11,Afternoon
POST-0225,31-12-2025,Wednesday,10,Facebook,Carousel,Entertainment,11120,4419,5804,389,25,30,36,0,10.86,December,12,Morning
POST-0226,25-02-2025,Tuesday,17,Facebook,Image,Education,11151,1861,3004,30,4,2,1,0,1.99,February,2,Evening
POST-0227,31-05-2025,Saturday,22,Instagram,Video,Education,11195,1216,1697,95,5,10,3,922,9.29,May,5,Night
POST-0228,07-12-2025,Sunday,17,Instagram,Video,Tutorial,11227,3658,6166,225,8,15,19,2669,7.3,December,12,Evening
POST-0229,23-04-2025,Wednesday,21,Instagram,Image,Announcement,11235,3088,4405,245,8,23,25,0,9.75,April,4,Night
POST-0230,02-01-2025,Thursday,9,Instagram,Video,Entertainment,11250,3578,4536,268,31,25,26,1363,9.78,January,1,Morning
POST-0231,30-07-2025,Wednesday,9,Facebook,Short,Entertainment,11259,2660,4636,139,10,8,3,1242,6.02,July,7,Morning
POST-0232,02-10-2025,Thursday,9,Instagram,Video,Entertainment,11277,3226,4963,63,6,3,1,1889,2.26,October,10,Morning
POST-0233,29-09-2025,Monday,21,Instagram,Video,Entertainment,11311,2034,3421,105,7,6,4,1587,6,September,9,Night
POST-0234,23-10-2025,Thursday,14,YouTube,Text,Announcement,11343,3499,4285,207,19,5,12,0,6.94,October,10,Afternoon
POST-0235,24-08-2025,Sunday,17,Instagram,Image,Announcement,11363,4264,7589,200,31,5,23,0,6.07,August,8,Evening
POST-0236,19-02-2025,Wednesday,9,Instagram,Image,Product,11394,2612,3986,132,21,3,2,0,6.05,February,2,Morning
POST-0237,06-11-2025,Thursday,8,Facebook,Video,Product,11412,4220,5617,349,11,10,15,2918,9.12,November,11,Morning
POST-0238,02-06-2025,Monday,12,Facebook,Video,Education,11423,1018,1260,51,8,1,1,800,5.99,June,6,Afternoon
POST-0239,06-11-2025,Thursday,20,Instagram,Image,Entertainment,11433,1750,1967,164,17,9,18,0,11.89,November,11,Night
POST-0240,25-10-2025,Saturday,10,YouTube,Short,Tutorial,11451,5969,6414,353,49,11,29,3611,7.4,October,10,Morning
POST-0241,21-12-2025,Sunday,20,Instagram,Video,Education,11495,7107,8507,464,78,54,45,2382,9.02,December,12,Night
POST-0242,06-01-2025,Monday,12,YouTube,Short,Tutorial,11506,3095,3968,208,11,11,8,1154,7.69,January,1,Afternoon
POST-0243,13-11-2025,Thursday,18,YouTube,Text,Tutorial,11549,2548,3689,260,22,4,19,0,11.97,November,11,Evening
POST-0244,18-08-2025,Monday,14,Instagram,Carousel,Education,11592,1342,1809,96,15,7,11,0,9.61,August,8,Afternoon
POST-0245,27-06-2025,Friday,12,Instagram,Image,Product,11617,3294,3570,344,36,31,4,0,12.6,June,6,Afternoon
POST-0246,17-10-2025,Friday,12,YouTube,Video,Product,11644,4138,4793,81,13,9,7,2547,2.66,October,10,Afternoon
POST-0247,14-12-2025,Sunday,12,YouTube,Video,Education,11664,1193,1269,148,22,6,13,1077,15.84,December,12,Afternoon
POST-0248,07-07-2025,Monday,13,Instagram,Image,Tutorial,11691,3667,3961,124,21,5,8,0,4.31,July,7,Afternoon
POST-0249,01-02-2025,Saturday,15,Facebook,Short,Announcement,11726,3532,4496,379,48,35,38,2838,14.16,February,2,Afternoon
POST-0250,22-09-2025,Monday,15,Instagram,Video,Entertainment,11754,3437,5254,80,2,6,7,1839,2.76,September,9,Afternoon
POST-0251,26-03-2025,Wednesday,17,LinkedIn,Short,Tutorial,11793,1450,1689,149,24,11,4,602,12.97,March,3,Evening
POST-0252,24-03-2025,Monday,18,Instagram,Carousel,Announcement,11835,3633,6222,268,15,30,36,0,9.61,March,3,Evening
POST-0253,12-03-2025,Wednesday,13,Instagram,Video,Announcement,11866,1183,2118,108,5,12,12,403,11.58,March,3,Afternoon
POST-0254,14-03-2025,Friday,8,Instagram,Video,Behind the Scenes,11898,6116,9243,371,31,7,13,2966,6.9,March,3,Morning
POST-0255,29-11-2025,Saturday,16,LinkedIn,Short,Product,11924,2905,3155,164,9,9,19,2208,6.92,November,11,Evening
POST-0256,13-05-2025,Tuesday,22,Instagram,Carousel,Tutorial,11956,1422,1686,43,2,4,3,0,3.66,May,5,Night
POST-0257,08-02-2025,Saturday,21,YouTube,Image,Education,11970,5652,8100,170,21,3,12,0,3.64,February,2,Night
POST-0258,07-03-2025,Friday,14,LinkedIn,Short,Announcement,12002,5088,8909,408,67,21,40,2563,10.53,March,3,Afternoon
POST-0259,25-05-2025,Sunday,21,LinkedIn,Video,Education,12032,1886,3369,97,5,9,11,1077,6.47,May,5,Night
POST-0260,07-05-2025,Wednesday,21,Instagram,Image,Education,12049,9065,14527,170,14,4,7,0,2.15,May,5,Night
POST-0261,24-04-2025,Thursday,13,YouTube,Video,Education,12102,1552,2665,58,6,3,1,719,4.38,April,4,Afternoon
POST-0262,13-12-2025,Saturday,8,YouTube,Carousel,Entertainment,12118,3204,3597,105,7,11,11,0,4.18,December,12,Morning
POST-0263,13-11-2025,Thursday,16,Facebook,Video,Announcement,12135,5168,7392,191,18,12,11,4836,4.49,November,11,Evening
POST-0264,29-07-2025,Tuesday,8,Instagram,Video,Announcement,12166,773,1088,51,7,1,3,406,8.02,July,7,Morning
POST-0265,27-12-2025,Saturday,19,Instagram,Short,Tutorial,12170,4678,5671,544,25,16,33,4067,13.21,December,12,Evening
POST-0266,05-05-2025,Monday,9,Instagram,Image,Tutorial,12188,2602,3832,180,19,10,22,0,8.88,May,5,Morning
POST-0267,20-02-2025,Thursday,10,Instagram,Carousel,Entertainment,12197,2674,3936,224,12,4,18,0,9.65,February,2,Morning
POST-0268,10-04-2025,Thursday,21,YouTube,Short,Entertainment,12213,1491,2651,45,6,3,3,1250,3.82,April,4,Night
POST-0269,02-02-2025,Sunday,16,Instagram,Carousel,Tutorial,12238,3236,3560,258,15,11,28,0,9.64,February,2,Evening
POST-0270,14-12-2025,Sunday,14,Instagram,Video,Tutorial,12270,1465,1866,162,23,8,1,487,13.24,December,12,Afternoon
POST-0271,21-03-2025,Friday,9,Instagram,Carousel,Product,12310,1583,1865,169,15,16,13,0,13.46,March,3,Morning
POST-0272,12-06-2025,Thursday,20,Instagram,Video,Behind the Scenes,12347,2108,2566,200,32,17,15,1099,12.52,June,6,Night
POST-0273,15-03-2025,Saturday,15,Instagram,Video,Entertainment,12389,1373,1769,114,8,11,2,706,9.83,March,3,Afternoon
POST-0274,24-12-2025,Wednesday,18,LinkedIn,Image,Tutorial,12423,6406,8498,619,64,24,20,0,11.35,December,12,Evening
POST-0275,27-02-2025,Thursday,8,YouTube,Video,Behind the Scenes,12445,1298,2294,42,1,1,0,736,3.39,February,2,Morning
POST-0276,08-07-2025,Tuesday,9,Instagram,Video,Education,12486,1780,2307,183,12,15,9,854,12.3,July,7,Morning
POST-0277,13-12-2025,Saturday,18,Facebook,Carousel,Product,12507,2266,3201,172,15,12,20,0,9.66,December,12,Evening
POST-0278,10-07-2025,Thursday,13,Instagram,Short,Education,12527,2702,3173,260,41,25,9,2208,12.4,July,7,Afternoon
POST-0279,25-11-2025,Tuesday,19,Instagram,Image,Education,12573,4170,5068,203,23,11,24,0,6.26,November,11,Evening
POST-0280,24-11-2025,Monday,12,LinkedIn,Image,Product,12610,4230,5129,92,13,10,1,0,2.74,November,11,Afternoon
POST-0281,08-10-2025,Wednesday,12,LinkedIn,Video,Product,12640,2283,3371,71,10,2,3,2135,3.77,October,10,Afternoon
POST-0282,29-09-2025,Monday,14,YouTube,Image,Education,12676,2183,2784,176,6,14,6,0,9.25,September,9,Afternoon
POST-0283,30-07-2025,Wednesday,9,Instagram,Carousel,Education,12714,2749,3459,123,8,11,16,0,5.75,July,7,Morning
POST-0284,31-07-2025,Thursday,19,Instagram,Text,Education,12725,4239,6115,437,66,51,13,0,13.38,July,7,Evening
POST-0285,31-10-2025,Friday,17,Instagram,Video,Announcement,12751,3958,4204,126,17,6,12,3270,4.07,October,10,Evening
POST-0286,05-06-2025,Thursday,9,Instagram,Text,Tutorial,12764,2030,3446,183,20,19,14,0,11.63,June,6,Morning
POST-0287,12-12-2025,Friday,21,Instagram,Text,Entertainment,12793,869,945,51,4,3,2,0,6.9,December,12,Night
POST-0288,17-11-2025,Monday,21,Instagram,Image,Product,12812,8766,11908,378,38,31,23,0,5.36,November,11,Night
POST-0289,17-05-2025,Saturday,18,YouTube,Short,Product,12856,4551,8152,215,6,9,4,1527,5.14,May,5,Evening
POST-0290,31-05-2025,Saturday,15,Instagram,Short,Education,12890,3117,3665,176,7,18,13,2737,6.87,May,5,Afternoon
POST-0291,18-09-2025,Thursday,14,Instagram,Carousel,Entertainment,12907,3252,3524,162,12,4,15,0,5.93,September,9,Afternoon
POST-0292,03-12-2025,Wednesday,13,LinkedIn,Image,Announcement,12934,2024,2862,69,3,8,4,0,4.15,December,12,Afternoon
POST-0293,05-02-2025,Wednesday,17,Instagram,Carousel,Entertainment,12947,1555,2368,56,3,3,6,0,4.37,February,2,Evening
POST-0294,26-01-2025,Sunday,18,Instagram,Short,Product,12975,2246,3002,275,41,21,25,1405,16.12,January,1,Evening
POST-0295,01-04-2025,Tuesday,20,Instagram,Video,Product,13009,2386,2899,152,21,5,12,1036,7.96,April,4,Night
POST-0296,06-06-2025,Friday,12,Facebook,Image,Announcement,13039,1912,2998,129,18,11,14,0,9,June,6,Afternoon
POST-0297,01-03-2025,Saturday,19,Facebook,Video,Announcement,13044,1210,1805,106,11,3,6,1113,10.41,March,3,Evening
POST-0298,09-07-2025,Wednesday,18,YouTube,Short,Tutorial,13067,2271,2975,127,20,13,3,885,7.18,July,7,Evening
POST-0299,17-07-2025,Thursday,17,YouTube,Short,Behind the Scenes,13100,3703,5597,453,28,42,29,1994,14.91,July,7,Evening
POST-0300,14-12-2025,Sunday,14,Instagram,Video,Tutorial,13131,2054,3450,103,12,3,6,883,6.04,December,12,Afternoon
POST-0301,30-09-2025,Tuesday,22,Instagram,Short,Tutorial,13172,2730,3920,107,8,10,2,2280,4.65,September,9,Night
POST-0302,02-04-2025,Wednesday,15,YouTube,Carousel,Product,13184,863,1157,17,2,1,1,0,2.43,April,4,Afternoon
POST-0303,15-10-2025,Wednesday,13,LinkedIn,Video,Product,13218,2406,3637,105,8,4,6,2159,5.11,October,10,Afternoon
POST-0304,22-10-2025,Wednesday,10,Facebook,Image,Behind the Scenes,13238,2522,3603,51,3,4,5,0,2.5,October,10,Morning
POST-0305,06-09-2025,Saturday,14,YouTube,Carousel,Entertainment,13267,1374,1544,104,14,8,3,0,9.39,September,9,Afternoon
POST-0306,04-09-2025,Thursday,11,YouTube,Image,Entertainment,13299,1041,1798,73,11,4,2,0,8.65,September,9,Morning
POST-0307,24-04-2025,Thursday,12,Instagram,Image,Tutorial,13335,3382,3866,61,7,5,1,0,2.19,April,4,Afternoon
POST-0308,19-09-2025,Friday,20,LinkedIn,Text,Entertainment,13355,1727,2775,165,24,16,22,0,13.14,September,9,Night
POST-0309,19-02-2025,Wednesday,19,Instagram,Carousel,Product,13385,3528,4850,292,16,31,28,0,10.4,February,2,Evening
POST-0310,18-08-2025,Monday,16,Instagram,Image,Announcement,13398,2140,3504,142,16,14,7,0,8.36,August,8,Evening
POST-0311,03-12-2025,Wednesday,22,Facebook,Video,Education,13409,3800,5480,427,47,12,6,1895,12.95,December,12,Night
POST-0312,21-12-2025,Sunday,14,Facebook,Video,Entertainment,13443,2238,3727,158,25,16,7,1812,9.2,December,12,Afternoon
POST-0313,19-04-2025,Saturday,13,Facebook,Short,Announcement,13469,1177,1650,41,3,4,4,839,4.42,April,4,Afternoon
POST-0314,02-05-2025,Friday,19,YouTube,Short,Product,13477,2572,3177,271,16,18,28,2114,12.95,May,5,Evening
POST-0315,14-08-2025,Thursday,11,Instagram,Short,Product,13494,2251,3664,272,20,28,7,1764,14.53,August,8,Morning
POST-0316,26-05-2025,Monday,21,Instagram,Carousel,Behind the Scenes,13522,3872,6468,83,8,3,10,0,2.69,May,5,Night
POST-0317,24-09-2025,Wednesday,8,LinkedIn,Carousel,Announcement,13568,2105,3003,121,21,2,4,0,7.03,September,9,Morning
POST-0318,16-03-2025,Sunday,10,LinkedIn,Carousel,Entertainment,13608,2172,3794,74,9,4,1,0,4.05,March,3,Morning
POST-0319,03-03-2025,Monday,16,Instagram,Short,Product,13644,4328,6841,500,68,15,11,2692,13.72,March,3,Evening
POST-0320,19-01-2025,Sunday,22,LinkedIn,Image,Product,13650,5122,8960,118,11,3,1,0,2.6,January,1,Night
POST-0321,21-06-2025,Saturday,18,YouTube,Image,Announcement,13676,4095,4899,383,33,24,14,0,11.09,June,6,Evening
POST-0322,19-03-2025,Wednesday,8,Instagram,Image,Announcement,13709,4773,8389,167,28,19,18,0,4.86,March,3,Morning
POST-0323,20-04-2025,Sunday,20,YouTube,Carousel,Education,13741,3462,5628,268,25,19,18,0,9.53,April,4,Night
POST-0324,01-12-2025,Monday,17,Instagram,Video,Entertainment,13774,4120,7239,383,17,45,36,2810,11.67,December,12,Evening
POST-0325,25-10-2025,Saturday,13,YouTube,Video,Tutorial,13798,4372,5738,452,66,31,7,3871,12.72,October,10,Afternoon
POST-0326,03-11-2025,Monday,11,Instagram,Video,Entertainment,13847,3367,4939,81,3,5,7,1991,2.85,November,11,Morning
POST-0327,05-08-2025,Tuesday,11,Facebook,Video,Education,13892,2792,4804,184,15,3,4,1236,7.38,August,8,Morning
POST-0328,11-02-2025,Tuesday,11,YouTube,Short,Announcement,13918,2916,4532,96,11,2,4,1462,3.88,February,2,Morning
POST-0329,30-09-2025,Tuesday,8,LinkedIn,Short,Announcement,13933,10124,12824,306,47,31,36,7947,4.15,September,9,Morning
POST-0330,09-08-2025,Saturday,15,LinkedIn,Short,Entertainment,13985,2717,3442,92,2,7,8,1997,4.01,August,8,Afternoon
POST-0331,28-11-2025,Friday,13,Instagram,Image,Tutorial,14006,2367,4165,70,8,4,7,0,3.76,November,11,Afternoon
POST-0332,24-06-2025,Tuesday,17,Instagram,Video,Entertainment,14048,2207,3428,262,12,27,20,967,14.54,June,6,Evening
POST-0333,05-03-2025,Wednesday,19,LinkedIn,Image,Education,14098,2648,2885,165,20,14,10,0,7.89,March,3,Evening
POST-0334,06-08-2025,Wednesday,14,YouTube,Short,Announcement,14114,3085,3837,145,16,6,10,2606,5.74,August,8,Afternoon
POST-0335,16-06-2025,Monday,14,Instagram,Image,Education,14145,1447,2123,87,8,8,5,0,7.46,June,6,Afternoon
POST-0336,29-08-2025,Friday,18,Instagram,Carousel,Entertainment,14168,907,1081,18,1,1,2,0,2.43,August,8,Evening
POST-0337,18-05-2025,Sunday,18,LinkedIn,Image,Education,14201,3172,4438,105,11,2,10,0,4.04,May,5,Evening
POST-0338,22-04-2025,Tuesday,22,YouTube,Video,Announcement,14232,1115,1729,98,16,9,10,904,11.93,April,4,Night
POST-0339,15-02-2025,Saturday,15,Instagram,Carousel,Tutorial,14283,3109,3460,248,20,12,29,0,9.94,February,2,Afternoon
POST-0340,17-12-2025,Wednesday,10,YouTube,Image,Behind the Scenes,14317,2914,3614,219,21,22,24,0,9.81,December,12,Morning
POST-0341,03-10-2025,Friday,15,YouTube,Image,Product,14345,5085,8698,561,29,57,11,0,12.94,October,10,Afternoon
POST-0342,20-06-2025,Friday,11,YouTube,Video,Announcement,14385,6758,7303,863,75,94,8,6056,15.39,June,6,Morning
POST-0343,27-03-2025,Thursday,15,LinkedIn,Carousel,Tutorial,14409,3301,3742,283,10,8,17,0,9.63,March,3,Afternoon
POST-0344,18-08-2025,Monday,17,LinkedIn,Image,Entertainment,14432,1988,3310,108,17,10,15,0,7.55,August,8,Evening
POST-0345,31-05-2025,Saturday,11,Instagram,Carousel,Education,14486,1413,2200,120,9,5,10,0,10.19,May,5,Morning
POST-0346,20-08-2025,Wednesday,14,Instagram,Video,Entertainment,14504,1745,2449,79,12,7,5,828,5.9,August,8,Afternoon
POST-0347,02-02-2025,Sunday,8,YouTube,Short,Announcement,14525,2757,4671,317,15,9,30,2047,13.46,February,2,Morning
POST-0348,09-03-2025,Sunday,12,Facebook,Image,Behind the Scenes,14553,864,1042,30,3,3,2,0,4.4,March,3,Afternoon
POST-0349,26-09-2025,Friday,22,YouTube,Image,Announcement,14568,2811,2963,311,36,35,7,0,13.84,September,9,Night
POST-0350,23-01-2025,Thursday,15,Facebook,Text,Behind the Scenes,14570,2679,4445,43,5,3,3,0,2.02,January,1,Afternoon
POST-0351,05-09-2025,Friday,15,YouTube,Short,Tutorial,14610,3844,5874,412,61,29,41,2855,14.13,September,9,Afternoon
POST-0352,31-05-2025,Saturday,18,Instagram,Short,Entertainment,14628,2243,2921,162,6,12,15,1873,8.69,May,5,Evening
POST-0353,02-01-2025,Thursday,21,Facebook,Image,Product,14648,2852,4233,240,33,26,4,0,10.62,January,1,Night
POST-0354,06-10-2025,Monday,21,Instagram,Short,Entertainment,14671,1799,1998,133,3,3,15,1127,8.56,October,10,Night
POST-0355,13-09-2025,Saturday,8,Facebook,Image,Announcement,14687,2089,2683,179,13,18,14,0,10.72,September,9,Morning
POST-0356,25-10-2025,Saturday,22,Instagram,Text,Entertainment,14701,1017,1501,82,11,4,3,0,9.83,October,10,Night
POST-0357,23-11-2025,Sunday,12,YouTube,Text,Behind the Scenes,14730,2887,4860,224,25,13,14,0,9.56,November,11,Afternoon
POST-0358,24-09-2025,Wednesday,20,LinkedIn,Carousel,Education,14786,6322,8139,606,102,65,86,0,13.59,September,9,Night
POST-0359,03-11-2025,Monday,9,YouTube,Short,Product,14823,2949,3231,94,14,2,9,2008,4.04,November,11,Morning
POST-0360,11-02-2025,Tuesday,13,Instagram,Carousel,Product,14859,3298,3680,333,30,10,18,0,11.86,February,2,Afternoon
POST-0361,02-12-2025,Tuesday,12,YouTube,Short,Behind the Scenes,14868,1571,2010,120,7,10,9,1444,9.29,December,12,Afternoon
POST-0362,30-11-2025,Sunday,21,Facebook,Video,Tutorial,14895,5926,9005,525,30,48,8,3056,10.31,November,11,Night
POST-0363,11-09-2025,Thursday,13,Instagram,Text,Behind the Scenes,14908,1768,2791,136,4,5,15,0,9.05,September,9,Afternoon
POST-0364,20-10-2025,Monday,18,Instagram,Short,Tutorial,14945,4192,6585,254,34,22,4,2717,7.49,October,10,Evening
POST-0365,28-09-2025,Sunday,13,Instagram,Video,Education,14969,2861,4881,215,31,11,18,1271,9.61,September,9,Afternoon
POST-0366,17-11-2025,Monday,10,YouTube,Video,Education,14997,1591,2484,201,6,3,8,1126,13.7,November,11,Morning
POST-0367,21-11-2025,Friday,19,Instagram,Carousel,Product,15023,4745,7368,289,29,12,8,0,7.12,November,11,Evening
POST-0368,11-07-2025,Friday,22,YouTube,Short,Entertainment,15044,2720,4067,327,49,11,7,1463,14.49,July,7,Night
POST-0369,25-10-2025,Saturday,20,Instagram,Video,Entertainment,15053,2975,4611,57,6,2,6,2220,2.39,October,10,Night
POST-0370,01-12-2025,Monday,11,Facebook,Text,Education,15087,3458,5525,220,20,14,9,0,7.61,December,12,Morning
POST-0371,19-04-2025,Saturday,20,Instagram,Image,Announcement,15098,2665,4749,211,35,11,14,0,10.17,April,4,Night
POST-0372,18-01-2025,Saturday,18,LinkedIn,Text,Entertainment,15111,2190,2594,106,9,11,3,0,5.89,January,1,Evening
POST-0373,04-03-2025,Tuesday,15,LinkedIn,Short,Behind the Scenes,15134,3485,5340,89,5,4,5,2328,2.96,March,3,Afternoon
POST-0374,12-01-2025,Sunday,18,YouTube,Image,Entertainment,15153,2158,2467,198,20,6,22,0,11.4,January,1,Evening
POST-0375,08-06-2025,Sunday,16,YouTube,Image,Education,15184,2795,3366,246,20,28,9,0,10.84,June,6,Evening
POST-0376,08-01-2025,Wednesday,21,LinkedIn,Video,Announcement,15223,1868,3259,103,8,8,9,1296,6.85,January,1,Night
POST-0377,05-04-2025,Saturday,12,Instagram,Video,Product,15253,1188,1608,34,2,3,1,960,3.37,April,4,Afternoon
POST-0378,03-04-2025,Thursday,17,Facebook,Carousel,Product,15283,1862,2747,160,6,10,4,0,9.67,April,4,Evening
POST-0379,15-09-2025,Monday,10,Instagram,Short,Entertainment,15311,2054,2482,209,25,16,20,1745,13.15,September,9,Morning
POST-0380,01-04-2025,Tuesday,22,Facebook,Text,Education,15348,2719,3895,233,27,12,13,0,10.48,April,4,Night
POST-0381,13-12-2025,Saturday,12,Instagram,Image,Education,15353,5174,5527,471,63,54,43,0,12.2,December,12,Afternoon
POST-0382,10-03-2025,Monday,8,YouTube,Text,Tutorial,15385,1065,1582,43,2,1,5,0,4.79,March,3,Morning
POST-0383,21-12-2025,Sunday,19,LinkedIn,Image,Education,15401,2894,5109,197,7,22,21,0,8.53,December,12,Evening
POST-0384,26-07-2025,Saturday,8,Instagram,Text,Announcement,15414,799,1250,46,5,2,2,0,6.88,July,7,Morning
POST-0385,31-03-2025,Monday,10,Facebook,Text,Entertainment,15441,1517,2349,73,6,7,7,0,6.13,March,3,Morning
POST-0386,15-01-2025,Wednesday,10,YouTube,Video,Behind the Scenes,15464,2040,2990,131,15,10,11,683,8.19,January,1,Morning
POST-0387,22-04-2025,Tuesday,13,Instagram,Short,Entertainment,15498,781,1007,70,3,6,2,448,10.37,April,4,Afternoon
POST-0388,04-08-2025,Monday,16,Instagram,Carousel,Tutorial,15538,970,1581,103,7,3,13,0,12.99,August,8,Evening
POST-0389,09-02-2025,Sunday,16,Instagram,Carousel,Tutorial,15538,2935,3936,173,11,20,6,0,7.16,February,2,Evening
POST-0390,02-03-2025,Sunday,14,Instagram,Short,Product,15564,2815,3666,162,16,10,1,2404,6.71,March,3,Afternoon
POST-0391,11-02-2025,Tuesday,21,YouTube,Carousel,Entertainment,15615,2533,3699,193,23,4,14,0,9.24,February,2,Night
POST-0392,05-09-2025,Friday,9,Instagram,Image,Product,15653,1733,3086,127,7,10,9,0,8.83,September,9,Morning
POST-0393,02-02-2025,Sunday,10,Facebook,Image,Entertainment,15697,8821,14118,437,33,12,13,0,5.61,February,2,Morning
POST-0394,08-01-2025,Wednesday,11,LinkedIn,Short,Entertainment,15726,2468,3840,202,20,16,13,989,10.17,January,1,Morning
POST-0395,16-06-2025,Monday,10,LinkedIn,Text,Entertainment,15736,1678,1923,118,15,10,5,0,8.82,June,6,Morning
POST-0396,24-04-2025,Thursday,16,LinkedIn,Video,Behind the Scenes,15750,6789,11243,627,53,24,65,5401,11.33,April,4,Evening
POST-0397,28-07-2025,Monday,19,Facebook,Short,Product,15786,3781,5169,129,4,3,8,1252,3.81,July,7,Evening
POST-0398,09-12-2025,Tuesday,14,Instagram,Video,Behind the Scenes,15824,2199,3345,194,20,6,12,1252,10.55,December,12,Afternoon
POST-0399,10-11-2025,Monday,15,LinkedIn,Video,Tutorial,15843,5197,7642,309,29,25,7,2472,7.12,November,11,Afternoon
POST-0400,16-07-2025,Wednesday,19,Instagram,Video,Product,15867,2940,4818,331,59,30,37,1939,15.54,July,7,Evening
POST-0401,23-08-2025,Saturday,19,LinkedIn,Carousel,Behind the Scenes,15897,3841,4125,259,30,28,11,0,8.54,August,8,Evening
POST-0402,24-10-2025,Friday,15,LinkedIn,Video,Announcement,15904,3069,3447,303,10,15,23,1851,11.44,October,10,Afternoon
POST-0403,09-06-2025,Monday,18,YouTube,Video,Education,15927,1532,1931,166,20,3,15,1078,13.32,June,6,Evening
POST-0404,29-08-2025,Friday,21,YouTube,Video,Tutorial,15973,4601,5529,197,7,15,12,3695,5.02,August,8,Night
POST-0405,20-03-2025,Thursday,14,Instagram,Image,Entertainment,16027,2946,4599,68,5,6,3,0,2.78,March,3,Afternoon
POST-0406,11-08-2025,Monday,19,YouTube,Short,Behind the Scenes,16053,1548,1760,159,5,14,12,952,12.27,August,8,Evening
POST-0407,28-03-2025,Friday,18,Instagram,Video,Product,16102,1772,1983,42,5,2,3,966,2.93,March,3,Evening
POST-0408,11-03-2025,Tuesday,15,Instagram,Image,Entertainment,16123,4561,6601,470,25,21,12,0,11.58,March,3,Afternoon
POST-0409,05-10-2025,Sunday,15,Instagram,Carousel,Product,16141,2201,2420,174,29,16,7,0,10.27,October,10,Afternoon
POST-0410,29-07-2025,Tuesday,13,Facebook,Video,Entertainment,16141,2767,4553,166,9,16,5,2214,7.08,July,7,Afternoon
POST-0411,18-05-2025,Sunday,20,LinkedIn,Image,Behind the Scenes,16180,3866,5015,278,48,11,3,0,8.79,May,5,Night
POST-0412,15-01-2025,Wednesday,11,Instagram,Text,Entertainment,16203,2894,3695,81,12,6,7,0,3.66,January,1,Morning
POST-0413,28-03-2025,Friday,12,Instagram,Text,Announcement,16258,1164,1743,86,8,7,11,0,9.62,March,3,Afternoon
POST-0414,20-10-2025,Monday,12,Instagram,Short,Announcement,16290,3829,6823,448,44,52,17,1922,14.65,October,10,Afternoon
POST-0415,20-06-2025,Friday,10,Instagram,Video,Entertainment,16319,4519,5704,84,6,3,9,1500,2.26,June,6,Morning
POST-0416,17-12-2025,Wednesday,13,Instagram,Short,Behind the Scenes,16325,4344,5297,517,73,30,26,1660,14.87,December,12,Afternoon
POST-0417,25-11-2025,Tuesday,18,YouTube,Image,Product,16370,6563,8704,303,16,6,37,0,5.52,November,11,Evening
POST-0418,08-11-2025,Saturday,13,YouTube,Video,Announcement,16393,3295,5385,208,16,6,3,1866,7.07,November,11,Afternoon
POST-0419,06-01-2025,Monday,10,YouTube,Image,Tutorial,16418,4135,7236,439,16,41,21,0,12.5,January,1,Morning
POST-0420,19-01-2025,Sunday,10,Instagram,Text,Behind the Scenes,16419,6464,7534,576,54,27,68,0,11.22,January,1,Morning
POST-0421,31-07-2025,Thursday,14,Facebook,Short,Announcement,16458,2298,2464,128,7,14,14,1956,7.09,July,7,Afternoon
POST-0422,04-05-2025,Sunday,15,Instagram,Image,Behind the Scenes,16497,7009,8966,743,124,37,84,0,14.1,May,5,Afternoon
POST-0423,04-11-2025,Tuesday,13,Instagram,Video,Product,16517,7002,9036,156,15,15,13,2646,2.84,November,11,Afternoon
POST-0424,27-04-2025,Sunday,9,YouTube,Text,Product,16545,4149,6682,330,20,17,15,0,9.21,April,4,Morning
POST-0425,25-02-2025,Tuesday,15,LinkedIn,Text,Entertainment,16577,7419,11577,432,30,41,63,0,7.63,February,2,Afternoon
POST-0426,11-02-2025,Tuesday,21,Instagram,Image,Behind the Scenes,16616,4309,6939,420,23,25,35,0,11.67,February,2,Night
POST-0427,20-04-2025,Sunday,14,Facebook,Video,Education,16645,1661,2233,31,1,1,3,668,2.17,April,4,Afternoon
POST-0428,17-08-2025,Sunday,16,Instagram,Carousel,Education,16693,5042,6914,230,8,8,14,0,5.16,August,8,Evening
POST-0429,16-02-2025,Sunday,18,LinkedIn,Carousel,Education,16717,3227,5667,179,24,8,25,0,7.31,February,2,Evening
POST-0430,19-10-2025,Sunday,9,Instagram,Image,Tutorial,16737,3386,3678,76,3,2,6,0,2.57,October,10,Morning
POST-0431,21-04-2025,Monday,16,YouTube,Image,Product,16759,2936,3129,229,35,23,22,0,10.52,April,4,Evening
POST-0432,25-04-2025,Friday,12,LinkedIn,Video,Education,16756,5697,6053,584,101,64,14,4088,13.39,April,4,Afternoon
POST-0433,30-08-2025,Saturday,14,Facebook,Image,Product,16773,3654,6075,336,56,33,22,0,12.23,August,8,Afternoon
POST-0434,11-11-2025,Tuesday,11,Instagram,Video,Announcement,16813,1839,2645,63,2,1,1,1156,3.64,November,11,Morning
POST-0435,08-06-2025,Sunday,9,Instagram,Video,Product,16843,3523,5535,257,37,27,12,2853,9.45,June,6,Morning
POST-0436,18-10-2025,Saturday,10,LinkedIn,Text,Announcement,16861,4028,6203,397,47,39,35,0,12.86,October,10,Morning
POST-0437,22-04-2025,Tuesday,17,Instagram,Video,Product,16892,1809,3002,47,7,3,1,1234,3.21,April,4,Evening
POST-0438,17-02-2025,Monday,15,Instagram,Short,Education,16895,2124,3074,200,13,16,1,905,10.83,February,2,Afternoon
POST-0439,30-10-2025,Thursday,9,LinkedIn,Short,Education,16919,2184,2831,100,11,3,5,1051,5.45,October,10,Morning
POST-0440,07-10-2025,Tuesday,10,Instagram,Image,Behind the Scenes,16953,1931,2189,192,22,8,20,0,12.53,October,10,Morning
POST-0441,02-10-2025,Thursday,18,Instagram,Carousel,Product,16989,3267,4437,234,12,12,13,0,8.3,October,10,Evening
POST-0442,19-11-2025,Wednesday,10,Instagram,Video,Behind the Scenes,17007,4720,5646,541,64,20,51,2082,14.32,November,11,Morning
POST-0443,01-07-2025,Tuesday,20,Instagram,Carousel,Behind the Scenes,17045,7637,13324,158,21,3,9,0,2.5,July,7,Night
POST-0444,14-03-2025,Friday,18,YouTube,Carousel,Education,17095,5203,8441,386,58,43,29,0,9.92,March,3,Evening
POST-0445,02-08-2025,Saturday,17,YouTube,Short,Tutorial,17117,4732,5978,310,48,18,12,2702,8.2,August,8,Evening
POST-0446,29-07-2025,Tuesday,14,Instagram,Image,Tutorial,17153,5058,7250,131,4,9,2,0,2.89,July,7,Afternoon
POST-0447,21-05-2025,Wednesday,10,Instagram,Text,Education,17162,5621,7881,301,43,8,33,0,6.85,May,5,Morning
POST-0448,22-08-2025,Friday,18,Facebook,Short,Product,17166,2192,3295,201,15,21,13,1546,11.41,August,8,Evening
POST-0449,07-04-2025,Monday,14,Facebook,Carousel,Product,17200,3950,6952,254,36,24,30,0,8.71,April,4,Afternoon
POST-0450,11-08-2025,Monday,15,YouTube,Carousel,Tutorial,17228,3220,4046,235,12,5,25,0,8.6,August,8,Afternoon
POST-0451,17-10-2025,Friday,18,Instagram,Video,Tutorial,17258,2512,3794,122,10,3,11,1108,5.81,October,10,Evening
POST-0452,05-02-2025,Wednesday,15,YouTube,Text,Announcement,17278,2100,2999,136,12,12,7,0,7.95,February,2,Afternoon
POST-0453,15-06-2025,Sunday,8,YouTube,Carousel,Education,17302,2042,3605,120,15,2,5,0,6.95,June,6,Morning
POST-0454,30-08-2025,Saturday,12,YouTube,Text,Behind the Scenes,17339,2327,2824,239,29,4,8,0,12.03,August,8,Afternoon
POST-0455,19-01-2025,Sunday,17,LinkedIn,Image,Entertainment,17387,1367,2099,122,18,3,9,0,11.12,January,1,Evening
POST-0456,19-08-2025,Tuesday,14,Instagram,Text,Entertainment,17412,3593,4017,201,5,6,17,0,6.37,August,8,Afternoon
POST-0457,30-11-2025,Sunday,10,YouTube,Video,Product,17420,2665,3884,198,14,18,19,1052,9.34,November,11,Morning
POST-0458,28-10-2025,Tuesday,15,Instagram,Carousel,Tutorial,17462,2859,5059,123,17,11,17,0,5.88,October,10,Afternoon
POST-0459,08-09-2025,Monday,13,YouTube,Video,Education,17497,3249,5164,266,16,19,22,2098,9.94,September,9,Afternoon
POST-0460,21-10-2025,Tuesday,13,Facebook,Video,Tutorial,17533,4018,4313,122,18,5,9,3548,3.83,October,10,Afternoon
POST-0461,13-05-2025,Tuesday,11,Facebook,Short,Behind the Scenes,17562,1947,3481,223,16,21,9,623,13.82,May,5,Morning
POST-0462,30-04-2025,Wednesday,20,Instagram,Video,Education,17617,2544,3701,160,20,12,11,1642,7.98,April,4,Night
POST-0463,31-01-2025,Friday,16,LinkedIn,Image,Announcement,17646,1113,1652,17,1,1,0,0,1.71,January,1,Evening
POST-0464,21-09-2025,Sunday,11,Facebook,Video,Education,17679,795,1398,36,5,1,4,751,5.79,September,9,Morning
POST-0465,25-04-2025,Friday,19,YouTube,Short,Behind the Scenes,17684,927,1379,114,5,9,3,553,14.13,April,4,Evening
POST-0466,13-11-2025,Thursday,11,YouTube,Video,Product,17705,6280,7633,336,29,24,17,4644,6.46,November,11,Morning
POST-0467,20-06-2025,Friday,11,Facebook,Image,Product,17724,987,1354,47,4,2,1,0,5.47,June,6,Morning
POST-0468,22-11-2025,Saturday,13,Instagram,Short,Entertainment,17751,3497,5636,430,31,30,13,2126,14.41,November,11,Afternoon
POST-0469,20-02-2025,Thursday,22,YouTube,Carousel,Tutorial,17782,6078,8189,555,60,23,58,0,11.45,February,2,Night
POST-0470,28-02-2025,Friday,19,Facebook,Carousel,Entertainment,17801,2096,2465,95,10,7,3,0,5.49,February,2,Evening
POST-0471,07-05-2025,Wednesday,17,YouTube,Text,Entertainment,17849,6610,8869,213,31,6,10,0,3.93,May,5,Evening
POST-0472,10-01-2025,Friday,20,LinkedIn,Video,Behind the Scenes,17864,7450,8398,423,74,49,5,3704,7.4,January,1,Night
POST-0473,29-06-2025,Sunday,20,YouTube,Carousel,Behind the Scenes,17886,4536,5102,236,34,23,29,0,7.1,June,6,Night
POST-0474,26-08-2025,Tuesday,16,YouTube,Short,Announcement,17916,9946,11349,1176,162,81,122,8801,15.49,August,8,Evening
POST-0475,30-08-2025,Saturday,21,Instagram,Short,Tutorial,17928,3799,5440,291,16,34,14,2991,9.34,August,8,Night
POST-0476,20-03-2025,Thursday,13,LinkedIn,Short,Product,17962,1806,2331,199,11,16,23,829,13.79,March,3,Afternoon
POST-0477,01-03-2025,Saturday,13,Instagram,Video,Behind the Scenes,17997,3598,4263,447,13,34,14,1817,14.12,March,3,Afternoon
POST-0478,25-07-2025,Friday,17,Facebook,Video,Tutorial,18021,2116,3394,221,9,17,8,1646,12.05,July,7,Evening
POST-0479,20-08-2025,Wednesday,22,YouTube,Short,Announcement,18072,1319,1990,84,11,6,5,776,8.04,August,8,Night
POST-0480,11-12-2025,Thursday,20,LinkedIn,Carousel,Behind the Scenes,18100,1339,2229,64,2,7,2,0,5.6,December,12,Night
POST-0481,23-11-2025,Sunday,22,LinkedIn,Video,Announcement,18131,9641,11285,699,48,68,81,9136,9.29,November,11,Night
POST-0482,19-05-2025,Monday,11,Instagram,Video,Behind the Scenes,18147,2008,3042,183,15,7,21,937,11.25,May,5,Morning
POST-0483,01-03-2025,Saturday,14,LinkedIn,Carousel,Announcement,18154,2670,3330,232,12,6,6,0,9.59,March,3,Afternoon
POST-0484,03-04-2025,Thursday,18,YouTube,Video,Tutorial,18174,1879,2670,205,15,22,11,779,13.46,April,4,Evening
POST-0485,18-11-2025,Tuesday,22,Instagram,Short,Tutorial,18197,2921,4044,152,10,13,8,2608,6.26,November,11,Night
POST-0486,16-06-2025,Monday,18,YouTube,Image,Education,18219,2376,3534,206,17,15,27,0,11.15,June,6,Evening
POST-0487,29-12-2025,Monday,21,Instagram,Short,Entertainment,18256,2163,3196,127,6,7,14,1944,7.12,December,12,Night
POST-0488,28-08-2025,Thursday,13,YouTube,Video,Announcement,18254,1392,2420,145,3,15,2,1060,11.85,August,8,Afternoon
POST-0489,06-08-2025,Wednesday,17,Instagram,Image,Tutorial,18268,1247,1893,21,3,1,2,0,2.17,August,8,Evening
POST-0490,06-02-2025,Thursday,10,Instagram,Video,Education,18274,1802,2367,197,27,6,15,1286,13.6,February,2,Morning
POST-0491,04-08-2025,Monday,11,Instagram,Short,Education,18317,3188,5246,297,42,15,17,1170,11.64,August,8,Morning
POST-0492,19-05-2025,Monday,17,YouTube,Carousel,Entertainment,18338,8508,9962,260,16,30,16,0,3.78,May,5,Evening
POST-0493,04-11-2025,Tuesday,11,Facebook,Video,Entertainment,18359,4848,7909,206,34,17,22,4540,5.75,November,11,Morning
POST-0494,18-02-2025,Tuesday,11,LinkedIn,Text,Tutorial,18373,7407,10982,307,47,24,8,0,5.21,February,2,Morning
POST-0495,12-03-2025,Wednesday,9,Instagram,Carousel,Entertainment,18411,3549,4418,224,19,11,13,0,7.52,March,3,Morning
POST-0496,30-08-2025,Saturday,13,YouTube,Image,Tutorial,18434,2592,4184,266,19,8,5,0,11.5,August,8,Afternoon
POST-0497,06-09-2025,Saturday,12,Instagram,Short,Behind the Scenes,18464,1312,1489,160,22,2,8,765,14.63,September,9,Afternoon
POST-0498,31-10-2025,Friday,16,Instagram,Image,Behind the Scenes,18467,2724,2933,194,5,6,21,0,8.3,October,10,Evening
POST-0499,11-07-2025,Friday,16,LinkedIn,Text,Behind the Scenes,18508,836,1048,20,2,1,2,0,2.99,July,7,Evening
POST-0500,18-05-2025,Sunday,22,Instagram,Image,Entertainment,18540,2307,3295,244,38,17,6,0,13.22,May,5,Night
POST-0501,22-04-2025,Tuesday,17,LinkedIn,Text,Announcement,18574,6667,10154,644,107,36,28,0,12.22,April,4,Evening
POST-0502,16-05-2025,Friday,10,Facebook,Video,Announcement,18617,3263,4195,86,14,9,7,1057,3.56,May,5,Morning
POST-0503,30-08-2025,Saturday,14,Instagram,Short,Education,18642,5068,7521,456,42,50,12,3988,11.05,August,8,Afternoon
POST-0504,16-07-2025,Wednesday,9,Facebook,Image,Tutorial,18667,2208,3942,158,5,11,2,0,7.97,July,7,Morning
POST-0505,19-04-2025,Saturday,16,Instagram,Image,Product,18703,1278,2298,97,7,3,11,0,9.23,April,4,Evening
POST-0506,20-03-2025,Thursday,16,LinkedIn,Carousel,Announcement,18736,2095,3332,160,11,8,2,0,8.64,March,3,Evening
POST-0507,17-09-2025,Wednesday,20,Instagram,Video,Behind the Scenes,18760,2193,2799,41,3,1,4,1205,2.23,September,9,Night
POST-0508,01-04-2025,Tuesday,22,Instagram,Video,Product,18788,5295,7452,274,37,22,20,1960,6.67,April,4,Night
POST-0509,18-03-2025,Tuesday,22,Facebook,Video,Product,18809,8088,13393,416,73,23,23,4666,6.61,March,3,Night
POST-0510,01-05-2025,Thursday,8,YouTube,Short,Education,18845,1816,3115,165,11,18,6,845,11.01,May,5,Morning
POST-0511,08-11-2025,Saturday,8,Instagram,Video,Product,18884,2241,3952,64,5,2,3,1512,3.3,November,11,Morning
POST-0512,16-06-2025,Monday,17,YouTube,Image,Education,18912,2520,3378,108,4,11,13,0,5.4,June,6,Evening
POST-0513,06-08-2025,Wednesday,22,Instagram,Image,Announcement,18962,2254,2938,72,10,3,6,0,4.04,August,8,Night
POST-0514,30-01-2025,Thursday,8,YouTube,Video,Tutorial,18970,1378,1794,33,2,2,0,1055,2.69,January,1,Morning
POST-0515,06-05-2025,Tuesday,20,Facebook,Text,Tutorial,18995,2876,4713,158,10,8,14,0,6.61,May,5,Night
POST-0516,02-10-2025,Thursday,16,LinkedIn,Image,Product,19043,3335,5896,107,11,10,5,0,3.99,October,10,Evening
POST-0517,10-10-2025,Friday,16,Instagram,Carousel,Tutorial,19065,3380,4976,204,20,8,25,0,7.6,October,10,Evening
POST-0518,31-07-2025,Thursday,9,YouTube,Carousel,Product,19074,1408,1946,50,6,1,1,0,4.12,July,7,Morning
POST-0519,16-11-2025,Sunday,15,LinkedIn,Short,Announcement,19118,2568,3979,248,15,5,16,1054,11.06,November,11,Afternoon
POST-0520,20-04-2025,Sunday,17,YouTube,Video,Entertainment,19152,1050,1434,32,2,1,0,632,3.33,April,4,Evening
POST-0521,02-03-2025,Sunday,18,Facebook,Video,Product,19165,4521,6679,429,41,38,17,3396,11.61,March,3,Evening
POST-0522,29-01-2025,Wednesday,13,Instagram,Image,Entertainment,19202,1561,1859,118,4,7,12,0,9.03,January,1,Afternoon
POST-0523,14-03-2025,Friday,18,LinkedIn,Video,Behind the Scenes,19217,2353,2645,77,3,7,6,960,3.95,March,3,Evening
POST-0524,06-10-2025,Monday,17,YouTube,Video,Product,19228,2138,2895,130,7,9,13,1369,7.44,October,10,Evening
POST-0525,26-11-2025,Wednesday,18,LinkedIn,Text,Entertainment,19254,1986,2484,94,8,6,2,0,5.54,November,11,Evening
POST-0526,17-02-2025,Monday,11,Facebook,Carousel,Entertainment,19275,1529,1779,82,9,5,6,0,6.67,February,2,Morning
POST-0527,03-07-2025,Thursday,21,LinkedIn,Image,Announcement,19289,1036,1837,74,10,1,1,0,8.3,July,7,Night
POST-0528,18-02-2025,Tuesday,9,Instagram,Video,Announcement,19312,7105,11171,144,23,11,12,3722,2.67,February,2,Morning
POST-0529,05-11-2025,Wednesday,8,Facebook,Short,Entertainment,19328,3153,4228,107,3,3,2,2335,3.65,November,11,Morning
POST-0530,17-02-2025,Monday,10,Instagram,Carousel,Entertainment,19356,3171,5687,253,44,6,32,0,10.56,February,2,Morning
POST-0531,22-08-2025,Friday,9,Instagram,Video,Tutorial,19383,8694,9826,250,22,7,15,6360,3.38,August,8,Morning
POST-0532,30-01-2025,Thursday,12,Instagram,Text,Announcement,19420,2593,3400,241,34,8,19,0,11.65,January,1,Afternoon
POST-0533,27-09-2025,Saturday,15,YouTube,Text,Tutorial,19441,3715,6363,192,14,15,10,0,6.22,September,9,Afternoon
POST-0534,27-11-2025,Thursday,10,YouTube,Text,Announcement,19453,2773,4925,56,6,2,3,0,2.42,November,11,Morning
POST-0535,25-09-2025,Thursday,12,LinkedIn,Short,Behind the Scenes,19464,5269,8665,499,66,23,55,2993,12.2,September,9,Afternoon
POST-0536,09-04-2025,Wednesday,10,Instagram,Carousel,Product,19489,3614,4299,139,4,7,15,0,4.57,April,4,Morning
POST-0537,04-11-2025,Tuesday,21,Instagram,Image,Entertainment,19535,3261,4809,351,56,39,20,0,14.29,November,11,Night
POST-0538,22-04-2025,Tuesday,16,Instagram,Carousel,Behind the Scenes,19572,2384,2630,239,8,10,27,0,11.91,April,4,Evening
POST-0539,03-10-2025,Friday,17,Facebook,Video,Tutorial,19592,3200,3512,339,34,16,18,1475,12.72,October,10,Evening
POST-0540,31-10-2025,Friday,14,YouTube,Carousel,Tutorial,19631,5204,8833,525,32,23,9,0,11.32,October,10,Afternoon
POST-0541,27-06-2025,Friday,16,YouTube,Video,Education,19644,875,920,23,2,1,0,508,2.97,June,6,Evening
POST-0542,15-08-2025,Friday,20,Facebook,Video,Product,19684,2556,2869,51,2,2,3,1616,2.27,August,8,Night
POST-0543,09-11-2025,Sunday,22,Facebook,Short,Behind the Scenes,19707,2181,2463,126,14,12,7,1884,7.29,November,11,Night
POST-0544,10-03-2025,Monday,15,Instagram,Image,Behind the Scenes,19744,2327,3685,127,18,14,4,0,7,March,3,Afternoon
POST-0545,08-01-2025,Wednesday,15,Instagram,Carousel,Tutorial,19778,926,1408,49,5,2,4,0,6.48,January,1,Afternoon
POST-0546,08-06-2025,Sunday,16,YouTube,Short,Behind the Scenes,19803,4104,4973,349,53,36,11,3199,10.94,June,6,Evening
POST-0547,08-03-2025,Saturday,15,LinkedIn,Short,Behind the Scenes,19834,1724,2340,165,14,4,14,854,11.43,March,3,Afternoon
POST-0548,19-11-2025,Wednesday,18,YouTube,Carousel,Entertainment,19849,2423,4273,221,28,14,16,0,11.51,November,11,Evening
POST-0549,13-11-2025,Thursday,11,Instagram,Short,Behind the Scenes,19875,2081,2513,245,22,23,19,1595,14.85,November,11,Morning
POST-0550,18-05-2025,Sunday,20,YouTube,Carousel,Announcement,19916,1095,1205,88,14,2,10,0,10.41,May,5,Night
POST-0551,23-04-2025,Wednesday,8,Instagram,Text,Product,19992,2148,3297,207,8,24,21,0,12.1,April,4,Morning
POST-0552,17-09-2025,Wednesday,16,YouTube,Text,Education,20028,997,1127,24,3,1,2,0,3.01,September,9,Evening
POST-0553,15-06-2025,Sunday,22,YouTube,Video,Announcement,20057,1635,2399,36,1,1,2,1443,2.45,June,6,Night
POST-0554,05-02-2025,Wednesday,8,LinkedIn,Video,Education,20072,2309,2866,145,22,16,10,757,8.36,February,2,Morning
POST-0555,30-08-2025,Saturday,21,Instagram,Image,Education,20112,2739,2942,265,10,29,36,0,12.41,August,8,Night
POST-0556,23-09-2025,Tuesday,14,YouTube,Video,Product,20120,2831,4370,175,23,6,16,1494,7.77,September,9,Afternoon
POST-0557,26-01-2025,Sunday,20,YouTube,Video,Entertainment,20137,2546,4108,80,2,5,1,2144,3.46,January,1,Night
POST-0558,11-10-2025,Saturday,8,LinkedIn,Short,Entertainment,20169,8900,11442,270,38,24,7,5419,3.81,October,10,Morning
POST-0559,14-07-2025,Monday,21,Facebook,Video,Announcement,20182,3489,4077,141,8,8,8,2429,4.73,July,7,Night
POST-0560,29-10-2025,Wednesday,17,YouTube,Video,Product,20228,1402,2498,159,5,18,17,751,14.19,October,10,Evening
POST-0561,07-11-2025,Friday,18,Facebook,Short,Education,20269,1961,2419,100,15,3,2,1028,6.12,November,11,Evening
POST-0562,04-09-2025,Thursday,8,YouTube,Video,Product,20289,1913,2362,218,24,24,7,984,14.27,September,9,Morning
POST-0563,02-05-2025,Friday,13,LinkedIn,Video,Entertainment,20310,2491,3299,278,43,22,35,1206,15.17,May,5,Afternoon
POST-0564,16-05-2025,Friday,16,Instagram,Text,Product,20322,1971,2424,171,24,12,18,0,11.42,May,5,Evening
POST-0565,22-09-2025,Monday,11,Instagram,Short,Announcement,20332,1716,2118,201,8,17,13,1269,13.93,September,9,Morning
POST-0566,24-01-2025,Friday,10,Facebook,Image,Announcement,20365,6803,11859,249,11,11,8,0,4.1,January,1,Morning
POST-0567,26-03-2025,Wednesday,17,Instagram,Video,Behind the Scenes,20400,2814,3127,110,15,6,1,2524,4.69,March,3,Evening
POST-0568,09-07-2025,Wednesday,20,Facebook,Video,Announcement,20432,2282,3824,95,14,3,4,1559,5.08,July,7,Night
POST-0569,11-12-2025,Thursday,10,YouTube,Text,Entertainment,20462,2391,3469,43,2,3,1,0,2.05,December,12,Morning
POST-0570,04-10-2025,Saturday,9,YouTube,Short,Product,20483,2438,2624,297,48,15,30,1197,16,October,10,Morning
POST-0571,25-10-2025,Saturday,11,Instagram,Video,Behind the Scenes,20515,5910,6874,241,7,7,15,2471,4.57,October,10,Morning
POST-0572,11-03-2025,Tuesday,17,Facebook,Carousel,Entertainment,20524,3574,5510,245,35,26,19,0,9.09,March,3,Evening
POST-0573,13-04-2025,Sunday,15,Instagram,Image,Tutorial,20552,5096,7491,214,25,10,19,0,5.26,April,4,Afternoon
POST-0574,08-04-2025,Tuesday,18,LinkedIn,Short,Tutorial,20597,500,615,35,2,3,2,331,8.4,April,4,Evening
POST-0575,01-10-2025,Wednesday,22,LinkedIn,Image,Entertainment,20641,3288,4170,171,14,11,7,0,6.17,October,10,Night
POST-0576,15-07-2025,Tuesday,12,Instagram,Video,Entertainment,20662,4921,8589,472,35,39,42,2652,11.95,July,7,Afternoon
POST-0577,19-03-2025,Wednesday,18,Instagram,Video,Education,20686,8137,13042,328,32,31,29,7023,5.16,March,3,Evening
POST-0578,01-10-2025,Wednesday,16,LinkedIn,Image,Product,20730,2793,4319,110,11,7,15,0,5.12,October,10,Evening
POST-0579,21-08-2025,Thursday,20,YouTube,Short,Product,20779,1069,1863,36,1,3,2,536,3.93,August,8,Night
POST-0580,24-11-2025,Monday,12,Instagram,Text,Behind the Scenes,20788,3801,4651,173,5,17,4,0,5.24,November,11,Afternoon
POST-0581,23-07-2025,Wednesday,9,YouTube,Carousel,Behind the Scenes,20811,1977,2564,189,20,20,24,0,12.8,July,7,Morning
POST-0582,15-02-2025,Saturday,11,Instagram,Short,Education,20841,1026,1722,124,6,8,1,434,13.55,February,2,Morning
POST-0583,21-11-2025,Friday,8,YouTube,Video,Product,20883,1956,2699,40,1,1,0,1431,2.15,November,11,Morning
POST-0584,09-03-2025,Sunday,11,YouTube,Image,Behind the Scenes,20900,4915,6807,477,31,16,46,0,11.6,March,3,Morning
POST-0585,21-01-2025,Tuesday,20,LinkedIn,Text,Announcement,20936,5326,8824,412,21,14,53,0,9.39,January,1,Night
POST-0586,19-10-2025,Sunday,8,Facebook,Text,Behind the Scenes,20959,4090,7360,88,14,6,12,0,2.93,October,10,Morning
POST-0587,14-06-2025,Saturday,10,Instagram,Image,Entertainment,21015,1545,2650,47,3,5,4,0,3.82,June,6,Morning
POST-0588,24-08-2025,Sunday,18,YouTube,Short,Product,21048,10982,17882,1263,159,94,47,7388,14.23,August,8,Evening
POST-0589,17-02-2025,Monday,11,YouTube,Text,Product,21074,1446,2002,50,1,2,0,0,3.67,February,2,Morning
POST-0590,21-09-2025,Sunday,9,LinkedIn,Text,Entertainment,21097,2636,4163,243,31,7,27,0,11.68,September,9,Morning
POST-0591,28-05-2025,Wednesday,15,Instagram,Image,Education,21138,1243,1515,81,12,4,7,0,8.37,May,5,Afternoon
POST-0592,30-12-2025,Tuesday,10,YouTube,Carousel,Tutorial,21173,5679,7044,627,89,23,14,0,13.26,December,12,Morning
POST-0593,21-08-2025,Thursday,18,LinkedIn,Image,Entertainment,21188,3518,4232,203,29,13,23,0,7.62,August,8,Evening
POST-0594,09-12-2025,Tuesday,9,Instagram,Image,Entertainment,21218,4487,7005,126,10,7,16,0,3.54,December,12,Morning
POST-0595,17-10-2025,Friday,8,Instagram,Image,Product,21229,2893,5094,207,20,22,6,0,8.81,October,10,Morning
POST-0596,04-11-2025,Tuesday,20,YouTube,Video,Behind the Scenes,21247,2652,4287,182,29,10,13,1366,8.82,November,11,Night
POST-0597,02-02-2025,Sunday,17,Instagram,Video,Behind the Scenes,21259,3031,3788,79,5,7,4,2061,3.13,February,2,Evening
POST-0598,11-10-2025,Saturday,15,LinkedIn,Short,Tutorial,21271,975,1506,96,9,1,7,743,11.59,October,10,Afternoon
POST-0599,09-08-2025,Saturday,16,Instagram,Carousel,Behind the Scenes,21290,4760,6249,469,64,24,11,0,11.93,August,8,Evening
POST-0600,25-05-2025,Sunday,15,Instagram,Short,Entertainment,21305,4554,7596,555,44,50,59,2120,15.55,May,5,Afternoon
POST-0601,24-04-2025,Thursday,16,Instagram,Video,Product,21339,2221,3140,194,18,11,7,829,10.36,April,4,Evening
POST-0602,23-08-2025,Saturday,16,Facebook,Video,Behind the Scenes,21376,2737,3386,207,7,4,17,2371,8.59,August,8,Evening
POST-0603,14-03-2025,Friday,9,Instagram,Carousel,Tutorial,21401,3251,4122,110,14,5,4,0,4.09,March,3,Morning
POST-0604,09-03-2025,Sunday,20,LinkedIn,Text,Tutorial,21415,6540,7285,634,34,47,22,0,11.27,March,3,Night
POST-0605,16-11-2025,Sunday,17,LinkedIn,Image,Entertainment,21452,3497,4619,270,18,31,38,0,10.21,November,11,Evening
POST-0606,05-10-2025,Sunday,17,LinkedIn,Video,Education,21455,2823,3682,238,14,9,9,938,9.56,October,10,Evening
POST-0607,04-08-2025,Monday,22,Instagram,Carousel,Entertainment,21459,2085,2905,166,22,4,22,0,10.26,August,8,Night
POST-0608,04-10-2025,Saturday,15,Instagram,Text,Product,21496,1207,1862,112,9,9,13,0,11.85,October,10,Afternoon
POST-0609,28-04-2025,Monday,21,Instagram,Short,Entertainment,21531,1988,3471,109,18,8,7,791,7.14,April,4,Night
POST-0610,21-09-2025,Sunday,12,LinkedIn,Text,Product,21570,2871,4774,70,10,3,6,0,3.1,September,9,Afternoon
POST-0611,17-03-2025,Monday,9,Facebook,Image,Entertainment,21595,2403,3556,238,40,14,3,0,12.28,March,3,Morning
POST-0612,12-06-2025,Thursday,15,Instagram,Video,Announcement,21607,2879,3803,63,7,2,5,1187,2.67,June,6,Afternoon
POST-0613,23-02-2025,Sunday,20,Facebook,Short,Announcement,21629,4162,4902,186,11,15,16,3720,5.48,February,2,Night
POST-0614,19-05-2025,Monday,22,LinkedIn,Short,Entertainment,21663,3510,5241,234,17,24,18,1165,8.35,May,5,Night
POST-0615,05-05-2025,Monday,17,LinkedIn,Short,Behind the Scenes,21681,3215,3529,69,4,2,7,1536,2.55,May,5,Evening
POST-0616,03-06-2025,Tuesday,16,Facebook,Image,Product,21700,3965,4322,164,9,18,12,0,5.12,June,6,Evening
POST-0617,23-06-2025,Monday,21,LinkedIn,Image,Behind the Scenes,21711,3062,4690,272,27,16,17,0,10.84,June,6,Night
POST-0618,13-01-2025,Monday,15,Facebook,Video,Announcement,21724,2718,3188,218,31,14,21,1660,10.45,January,1,Afternoon
POST-0619,05-05-2025,Monday,20,Instagram,Short,Behind the Scenes,21762,3580,6037,291,31,12,18,2206,9.83,May,5,Night
POST-0620,05-11-2025,Wednesday,21,Instagram,Text,Product,21795,1069,1659,18,1,1,1,0,1.96,November,11,Night
POST-0621,08-06-2025,Sunday,20,Facebook,Image,Product,21808,5509,7951,282,39,11,8,0,6.17,June,6,Night
POST-0622,17-07-2025,Thursday,8,Instagram,Short,Behind the Scenes,21823,1361,2384,42,6,1,1,769,3.67,July,7,Morning
POST-0623,07-02-2025,Friday,11,Instagram,Image,Product,21843,4384,5036,226,22,14,7,0,6.14,February,2,Morning
POST-0624,22-05-2025,Thursday,8,LinkedIn,Image,Education,21877,2787,3574,133,6,9,16,0,5.88,May,5,Morning
POST-0625,20-12-2025,Saturday,14,YouTube,Carousel,Product,21891,5091,7284,291,40,30,38,0,7.84,December,12,Afternoon
POST-0626,20-07-2025,Sunday,19,YouTube,Video,Product,21916,2823,5008,153,16,7,17,1633,6.84,July,7,Evening
POST-0627,08-01-2025,Wednesday,21,LinkedIn,Video,Education,21918,1647,1826,158,23,14,11,1324,12.51,January,1,Night
POST-0628,21-09-2025,Sunday,22,Instagram,Video,Entertainment,21930,4998,7504,341,40,15,32,3190,8.56,September,9,Night
POST-0629,08-10-2025,Wednesday,8,LinkedIn,Video,Product,21963,3066,5333,332,53,22,7,2621,13.5,October,10,Morning
POST-0630,20-05-2025,Tuesday,8,LinkedIn,Image,Announcement,22001,2957,3426,130,4,3,7,0,4.87,May,5,Morning
POST-0631,12-01-2025,Sunday,16,Instagram,Video,Product,22015,2897,4571,98,11,10,11,1366,4.49,January,1,Evening
POST-0632,31-10-2025,Friday,8,Instagram,Short,Tutorial,22033,4807,7537,273,32,13,11,3143,6.84,October,10,Morning
POST-0633,03-04-2025,Thursday,20,Instagram,Video,Entertainment,22070,4346,5737,487,70,40,12,3096,14.01,April,4,Night
POST-0634,02-12-2025,Tuesday,8,LinkedIn,Image,Entertainment,22093,3147,4568,143,8,10,10,0,5.43,December,12,Morning
POST-0635,13-05-2025,Tuesday,15,Instagram,Carousel,Entertainment,22113,1181,2068,108,11,6,11,0,11.52,May,5,Afternoon
POST-0636,22-05-2025,Thursday,16,Instagram,Video,Education,22147,2221,3111,206,13,8,24,1212,11.3,May,5,Evening
POST-0637,17-10-2025,Friday,14,LinkedIn,Image,Education,22177,2940,4093,108,15,11,1,0,4.59,October,10,Afternoon
POST-0638,20-02-2025,Thursday,10,YouTube,Carousel,Product,22218,7447,10970,259,10,16,23,0,4.14,February,2,Morning
POST-0639,11-01-2025,Saturday,20,Facebook,Carousel,Tutorial,22255,3429,3682,84,4,2,10,0,2.92,January,1,Night
POST-0640,05-10-2025,Sunday,16,Facebook,Text,Education,22275,2638,4371,140,24,4,17,0,7.01,October,10,Evening
POST-0641,04-12-2025,Thursday,19,Instagram,Short,Announcement,22301,5359,5833,498,69,34,54,4604,12.22,December,12,Evening
POST-0642,29-12-2025,Monday,17,Instagram,Video,Product,22328,2611,4658,131,8,8,10,869,6.01,December,12,Evening
POST-0643,16-02-2025,Sunday,15,YouTube,Short,Announcement,22339,2734,4860,340,26,15,33,2132,15.14,February,2,Afternoon
POST-0644,24-02-2025,Monday,8,Instagram,Carousel,Behind the Scenes,22355,3028,5038,52,4,2,3,0,2.01,February,2,Morning
POST-0645,04-05-2025,Sunday,14,YouTube,Carousel,Product,22394,1218,2096,110,6,11,9,0,11.17,May,5,Afternoon
POST-0646,18-09-2025,Thursday,21,Facebook,Video,Entertainment,22403,4704,7110,162,8,14,11,2248,4.15,September,9,Night
POST-0647,29-11-2025,Saturday,11,Facebook,Image,Entertainment,22442,3511,4491,350,61,12,25,0,12.76,November,11,Morning
POST-0648,29-10-2025,Wednesday,11,YouTube,Carousel,Entertainment,22473,2378,3573,61,3,5,4,0,3.07,October,10,Morning
POST-0649,17-05-2025,Saturday,21,Instagram,Short,Tutorial,22499,1482,2310,173,23,3,15,620,14.44,May,5,Night
POST-0650,03-12-2025,Wednesday,16,Instagram,Short,Product,22533,3125,3613,192,26,18,4,1648,7.68,December,12,Evening
POST-0651,04-04-2025,Friday,17,LinkedIn,Video,Product,22566,6003,9791,278,38,28,29,5668,6.21,April,4,Evening
POST-0652,15-02-2025,Saturday,13,Instagram,Short,Education,22608,1953,2495,45,2,1,3,1101,2.61,February,2,Afternoon
POST-0653,08-06-2025,Sunday,12,YouTube,Carousel,Behind the Scenes,22631,1550,2223,58,3,6,1,0,4.39,June,6,Afternoon
POST-0654,03-02-2025,Monday,13,Instagram,Carousel,Announcement,22655,3503,4378,179,21,19,9,0,6.51,February,2,Afternoon
POST-0655,05-09-2025,Friday,22,LinkedIn,Short,Tutorial,22680,1155,1457,128,22,4,13,921,14.46,September,9,Night
POST-0656,27-12-2025,Saturday,14,Instagram,Image,Education,22730,819,1398,85,6,6,5,0,12.45,December,12,Afternoon
POST-0657,09-02-2025,Sunday,16,YouTube,Text,Education,22769,2177,3543,52,2,3,6,0,2.89,February,2,Evening
POST-0658,12-02-2025,Wednesday,8,YouTube,Text,Behind the Scenes,22785,1903,2087,133,13,4,7,0,8.25,February,2,Morning
POST-0659,07-03-2025,Friday,20,Facebook,Short,Entertainment,22809,2388,3888,49,2,1,6,1168,2.43,March,3,Night
POST-0660,06-03-2025,Thursday,14,LinkedIn,Image,Product,22828,2054,3581,48,3,1,3,0,2.68,March,3,Afternoon
POST-0661,15-07-2025,Tuesday,19,Facebook,Image,Announcement,22856,3340,5270,224,31,19,33,0,9.19,July,7,Evening
POST-0662,29-07-2025,Tuesday,11,Instagram,Video,Behind the Scenes,22886,2464,3866,185,11,13,9,1351,8.85,July,7,Morning
POST-0663,13-12-2025,Saturday,17,Instagram,Short,Product,22941,2001,2497,230,21,26,12,1266,14.44,December,12,Evening
POST-0664,12-06-2025,Thursday,13,Facebook,Text,Behind the Scenes,22946,2163,3405,198,25,10,6,0,11.05,June,6,Afternoon
POST-0665,05-12-2025,Friday,12,LinkedIn,Video,Entertainment,22986,3939,5255,132,7,8,13,2792,4.06,December,12,Afternoon
POST-0666,01-10-2025,Wednesday,10,Instagram,Short,Education,23019,4716,8215,408,20,22,6,4213,9.67,October,10,Morning
POST-0667,09-11-2025,Sunday,18,Facebook,Carousel,Product,23038,4577,7224,382,66,22,45,0,11.25,November,11,Evening
POST-0668,11-03-2025,Tuesday,13,Instagram,Video,Behind the Scenes,23064,4085,5277,414,65,31,26,2871,13.12,March,3,Afternoon
POST-0669,15-06-2025,Sunday,9,YouTube,Text,Entertainment,23085,500,856,34,5,3,4,0,9.2,June,6,Morning
POST-0670,30-11-2025,Sunday,18,YouTube,Image,Announcement,23113,1604,2615,104,11,8,9,0,8.23,November,11,Evening
POST-0671,02-10-2025,Thursday,18,YouTube,Video,Entertainment,23153,2342,2812,192,19,5,21,1153,10.12,October,10,Evening
POST-0672,21-03-2025,Friday,22,LinkedIn,Video,Tutorial,23162,3119,3777,184,8,8,12,1699,6.8,March,3,Night
POST-0673,05-11-2025,Wednesday,21,Facebook,Short,Entertainment,23206,1144,1212,84,4,5,3,951,8.39,November,11,Night
POST-0674,08-10-2025,Wednesday,10,Instagram,Image,Tutorial,23229,6090,9911,596,27,57,76,0,12.41,October,10,Morning
POST-0675,23-02-2025,Sunday,8,Facebook,Image,Entertainment,23274,3292,3668,146,16,15,19,0,5.95,February,2,Morning
POST-0676,25-01-2025,Saturday,21,YouTube,Video,Entertainment,23307,1980,2487,133,11,6,13,1486,8.23,January,1,Night
POST-0677,05-04-2025,Saturday,22,YouTube,Carousel,Education,23349,3048,4883,178,8,11,14,0,6.92,April,4,Night
POST-0678,22-06-2025,Sunday,17,Instagram,Image,Entertainment,23384,2303,2946,220,9,5,9,0,10.55,June,6,Evening
POST-0679,26-02-2025,Wednesday,17,YouTube,Short,Education,23424,1835,2320,84,9,5,0,706,5.34,February,2,Evening
POST-0680,12-01-2025,Sunday,9,Instagram,Carousel,Behind the Scenes,23452,3681,4048,207,9,9,23,0,6.74,January,1,Morning
POST-0681,10-02-2025,Monday,16,Instagram,Short,Behind the Scenes,23470,2171,2361,215,6,15,17,1626,11.65,February,2,Evening
POST-0682,25-04-2025,Friday,8,Instagram,Video,Behind the Scenes,23506,1282,1895,76,3,5,4,962,6.86,April,4,Morning
POST-0683,23-05-2025,Friday,19,YouTube,Video,Entertainment,23542,1966,2268,223,32,7,14,608,14.04,May,5,Evening
POST-0684,24-04-2025,Thursday,21,Instagram,Short,Entertainment,23595,2617,4639,199,25,5,19,988,9.48,April,4,Night
POST-0685,13-06-2025,Friday,8,Facebook,Text,Entertainment,23598,1539,1645,36,3,3,1,0,2.79,June,6,Morning
POST-0686,20-09-2025,Saturday,11,Facebook,Carousel,Education,23623,5580,7180,257,16,23,3,0,5.36,September,9,Morning
POST-0687,01-04-2025,Tuesday,22,Instagram,Text,Education,23664,1532,1819,45,4,4,0,0,3.46,April,4,Night
POST-0688,16-06-2025,Monday,9,YouTube,Carousel,Product,23676,7333,12644,428,13,29,56,0,7.17,June,6,Morning
POST-0689,24-09-2025,Wednesday,19,LinkedIn,Carousel,Education,23701,4563,7360,209,16,5,8,0,5.22,September,9,Evening
POST-0690,21-01-2025,Tuesday,17,Instagram,Image,Tutorial,23754,1662,1884,77,7,1,10,0,5.72,January,1,Evening
POST-0691,10-12-2025,Wednesday,17,YouTube,Image,Tutorial,23799,2997,3271,286,12,32,3,0,11.11,December,12,Evening
POST-0692,30-12-2025,Tuesday,18,YouTube,Image,Product,23816,5347,5947,546,63,50,50,0,13.26,December,12,Evening
POST-0693,16-04-2025,Wednesday,12,Facebook,Video,Education,23860,2513,4032,234,22,8,16,1047,11.14,April,4,Afternoon
POST-0694,21-11-2025,Friday,21,LinkedIn,Image,Announcement,23902,1448,2331,116,4,7,9,0,9.39,November,11,Night
POST-0695,03-04-2025,Thursday,15,Instagram,Image,Entertainment,23939,2970,4527,290,15,10,2,0,10.67,April,4,Afternoon
POST-0696,01-12-2025,Monday,15,LinkedIn,Video,Behind the Scenes,23971,8345,11823,915,94,88,69,7325,13.97,December,12,Afternoon
POST-0697,29-08-2025,Friday,19,Facebook,Image,Announcement,24002,1231,1720,36,5,3,3,0,3.82,August,8,Evening
POST-0698,01-04-2025,Tuesday,12,Facebook,Image,Announcement,24019,3791,5673,346,13,38,43,0,11.61,April,4,Afternoon
POST-0699,23-01-2025,Thursday,8,YouTube,Carousel,Tutorial,24040,2810,3179,89,10,6,10,0,4.09,January,1,Morning
POST-0700,24-05-2025,Saturday,12,LinkedIn,Short,Tutorial,24077,2620,4312,116,8,5,12,1647,5.38,May,5,Afternoon
POST-0701,29-09-2025,Monday,17,Instagram,Carousel,Behind the Scenes,24106,2256,3684,199,17,21,3,0,10.64,September,9,Evening
POST-0702,24-03-2025,Monday,11,Facebook,Carousel,Behind the Scenes,24156,2346,3661,63,10,3,8,0,3.58,March,3,Morning
POST-0703,07-07-2025,Monday,19,Instagram,Carousel,Behind the Scenes,24180,4950,6072,518,63,47,39,0,13.47,July,7,Evening
POST-0704,15-02-2025,Saturday,17,YouTube,Video,Announcement,24178,3885,4704,474,33,19,48,2601,14.77,February,2,Evening
POST-0705,05-06-2025,Thursday,18,Facebook,Image,Entertainment,24202,1617,2886,24,2,1,3,0,1.86,June,6,Evening
POST-0706,13-01-2025,Monday,22,Instagram,Short,Education,24233,6597,11620,573,100,45,9,5518,11.02,January,1,Night
POST-0707,27-12-2025,Saturday,11,Instagram,Text,Tutorial,24265,1371,2208,138,21,6,8,0,12.62,December,12,Morning
POST-0708,03-07-2025,Thursday,9,Facebook,Video,Tutorial,24294,4031,6606,289,25,29,19,1402,8.98,July,7,Morning
POST-0709,04-11-2025,Tuesday,13,Facebook,Video,Announcement,24311,3098,4317,220,23,15,17,2711,8.88,November,11,Afternoon
POST-0710,14-02-2025,Friday,13,Facebook,Text,Entertainment,24357,5415,9247,351,34,39,49,0,8.73,February,2,Afternoon
POST-0711,03-03-2025,Monday,8,Instagram,Short,Education,24377,3408,5343,265,13,20,3,1626,8.83,March,3,Morning
POST-0712,06-03-2025,Thursday,13,Facebook,Carousel,Behind the Scenes,24413,5009,6904,322,56,24,30,0,8.62,March,3,Afternoon
POST-0713,27-07-2025,Sunday,22,Instagram,Short,Announcement,24437,2765,4316,253,15,17,15,904,10.85,July,7,Night
POST-0714,11-11-2025,Tuesday,9,Facebook,Carousel,Entertainment,24450,4786,5311,460,28,18,13,0,10.84,November,11,Morning
POST-0715,10-08-2025,Sunday,21,YouTube,Text,Entertainment,24495,3388,4560,82,3,4,7,0,2.83,August,8,Night
POST-0716,26-06-2025,Thursday,16,YouTube,Video,Behind the Scenes,24493,9143,15386,414,70,44,35,5881,6.16,June,6,Evening
POST-0717,10-12-2025,Wednesday,22,YouTube,Image,Tutorial,24510,1912,2695,32,4,2,0,0,1.99,December,12,Night
POST-0718,09-03-2025,Sunday,22,Instagram,Carousel,Entertainment,24543,5409,7936,119,14,10,2,0,2.68,March,3,Night
POST-0719,02-03-2025,Sunday,16,Facebook,Video,Tutorial,24566,3621,5324,136,14,8,9,2325,4.61,March,3,Evening
POST-0720,02-09-2025,Tuesday,12,YouTube,Short,Tutorial,24603,3091,5431,367,42,14,40,1787,14.98,September,9,Afternoon
POST-0721,08-11-2025,Saturday,19,Facebook,Video,Education,24630,2054,2466,100,8,9,10,1189,6.18,November,11,Evening
POST-0722,08-04-2025,Tuesday,18,Instagram,Short,Behind the Scenes,24652,3589,5602,298,47,17,24,1637,10.76,April,4,Evening
POST-0723,06-04-2025,Sunday,16,Instagram,Short,Tutorial,24705,1247,1729,64,6,5,3,810,6.26,April,4,Evening
POST-0724,12-07-2025,Saturday,21,YouTube,Image,Announcement,24731,1322,1621,145,22,3,18,0,14.22,July,7,Night
POST-0725,12-10-2025,Sunday,21,YouTube,Text,Entertainment,24756,4152,4510,145,19,7,9,0,4.34,October,10,Night
POST-0726,14-04-2025,Monday,12,LinkedIn,Carousel,Announcement,24771,1193,1798,57,7,4,1,0,5.78,April,4,Afternoon
POST-0727,28-10-2025,Tuesday,10,LinkedIn,Short,Behind the Scenes,24790,6189,7350,338,43,37,26,4410,7.17,October,10,Morning
POST-0728,08-07-2025,Tuesday,21,Instagram,Video,Product,24825,2414,3589,100,13,3,1,1238,4.85,July,7,Night
POST-0729,15-09-2025,Monday,8,Facebook,Video,Education,24860,3222,4422,80,11,9,8,2477,3.35,September,9,Morning
POST-0730,18-08-2025,Monday,19,Instagram,Short,Behind the Scenes,24888,2927,3963,177,22,15,11,1558,7.69,August,8,Evening
POST-0731,25-06-2025,Wednesday,18,Facebook,Text,Announcement,24907,3540,6074,113,8,4,12,0,3.87,June,6,Evening
POST-0732,15-07-2025,Tuesday,17,Instagram,Carousel,Entertainment,24943,2410,2693,43,2,1,5,0,2.12,July,7,Evening
POST-0733,30-12-2025,Tuesday,15,Instagram,Text,Education,24950,2295,3375,223,12,24,24,0,12.33,December,12,Afternoon
POST-0734,25-05-2025,Sunday,10,YouTube,Video,Education,24974,2622,3568,149,23,13,13,1391,7.55,May,5,Morning
POST-0735,11-12-2025,Thursday,16,YouTube,Text,Entertainment,24999,5005,5823,88,8,7,9,0,2.24,December,12,Evening
POST-0736,16-10-2025,Thursday,12,Facebook,Short,Behind the Scenes,25016,5242,7058,416,11,24,22,1966,9.02,October,10,Afternoon
POST-0737,08-03-2025,Saturday,20,YouTube,Carousel,Entertainment,25046,5664,9629,352,41,10,4,0,7.19,March,3,Night
POST-0738,15-11-2025,Saturday,9,Facebook,Image,Announcement,25066,3437,4119,253,40,17,11,0,9.34,November,11,Morning
POST-0739,20-05-2025,Tuesday,13,Instagram,Carousel,Announcement,25084,2517,3925,123,20,9,11,0,6.48,May,5,Afternoon
POST-0740,07-03-2025,Friday,21,Facebook,Video,Behind the Scenes,25133,1116,1396,35,5,1,1,897,3.76,March,3,Night
POST-0741,03-04-2025,Thursday,17,Instagram,Carousel,Education,25170,4004,5763,299,47,34,41,0,10.51,April,4,Evening
POST-0742,19-02-2025,Wednesday,20,YouTube,Carousel,Tutorial,25212,4464,6531,244,13,23,11,0,6.52,February,2,Night
POST-0743,04-05-2025,Sunday,10,YouTube,Carousel,Entertainment,25240,2252,2485,225,23,4,21,0,12.12,May,5,Morning
POST-0744,11-02-2025,Tuesday,9,YouTube,Video,Tutorial,25280,4383,7258,243,32,11,5,3137,6.64,February,2,Morning
POST-0745,18-07-2025,Friday,15,Instagram,Video,Tutorial,25317,5714,7621,243,30,26,14,5265,5.48,July,7,Afternoon
POST-0746,24-12-2025,Wednesday,15,YouTube,Video,Behind the Scenes,25359,2962,3576,118,9,10,11,1850,5,December,12,Afternoon
POST-0747,18-12-2025,Thursday,20,Instagram,Short,Behind the Scenes,25416,5029,6064,231,7,22,25,3208,5.67,December,12,Night
POST-0748,10-12-2025,Wednesday,11,Instagram,Video,Tutorial,25441,3331,5958,147,23,5,2,2418,5.31,December,12,Morning
POST-0749,30-03-2025,Sunday,16,Instagram,Video,Behind the Scenes,25472,1083,1903,80,11,7,7,346,9.7,March,3,Evening
POST-0750,26-03-2025,Wednesday,19,Facebook,Video,Product,25499,2169,3040,119,18,9,14,1847,7.38,March,3,Evening
POST-0751,05-09-2025,Friday,14,LinkedIn,Image,Announcement,25485,2245,2813,218,19,13,2,0,11.22,September,9,Afternoon
POST-0752,21-12-2025,Sunday,16,Instagram,Carousel,Announcement,25496,3764,5951,130,8,10,14,0,4.3,December,12,Evening
POST-0753,29-10-2025,Wednesday,22,Instagram,Short,Education,25524,1749,1905,209,32,8,2,675,14.35,October,10,Night
POST-0754,17-03-2025,Monday,22,YouTube,Short,Product,25559,2210,3744,124,15,13,10,1370,7.33,March,3,Night
POST-0755,26-09-2025,Friday,22,Instagram,Text,Tutorial,25580,1657,1746,99,11,2,13,0,7.54,September,9,Night
POST-0756,04-07-2025,Friday,18,LinkedIn,Text,Announcement,25622,2754,2993,265,9,12,5,0,10.57,July,7,Evening
POST-0757,11-06-2025,Wednesday,16,Instagram,Image,Announcement,25665,2923,3801,255,10,22,27,0,10.74,June,6,Evening
POST-0758,01-07-2025,Tuesday,9,Instagram,Video,Behind the Scenes,25688,4809,6694,578,83,35,11,3387,14.7,July,7,Morning
POST-0759,19-07-2025,Saturday,13,YouTube,Text,Education,25733,4361,4596,296,48,31,24,0,9.15,July,7,Afternoon
POST-0760,30-11-2025,Sunday,13,Instagram,Video,Behind the Scenes,25782,3080,3893,162,12,16,7,1465,6.4,November,11,Afternoon
POST-0761,17-10-2025,Friday,19,Instagram,Carousel,Education,25816,3212,5742,250,39,21,20,0,10.27,October,10,Evening
POST-0762,15-01-2025,Wednesday,16,Instagram,Video,Announcement,25832,2987,4869,274,15,15,25,2606,11.01,January,1,Evening
POST-0763,06-10-2025,Monday,11,Facebook,Short,Behind the Scenes,25877,2993,3274,64,7,3,2,1785,2.54,October,10,Morning
POST-0764,26-04-2025,Saturday,21,LinkedIn,Video,Announcement,25903,6587,11247,186,15,9,8,4510,3.31,April,4,Night
POST-0765,04-05-2025,Sunday,9,Instagram,Image,Announcement,25927,716,1001,73,7,3,1,0,11.73,May,5,Morning
POST-0766,07-08-2025,Thursday,13,Facebook,Video,Announcement,25956,2554,4576,228,12,4,13,2383,10.06,August,8,Afternoon
POST-0767,26-12-2025,Friday,16,Instagram,Short,Tutorial,25978,3342,4313,356,30,15,6,2477,12.18,December,12,Evening
POST-0768,25-01-2025,Saturday,10,YouTube,Carousel,Tutorial,26019,5238,6715,181,17,15,2,0,4.1,January,1,Morning
POST-0769,07-07-2025,Monday,9,YouTube,Carousel,Entertainment,26056,1541,2402,168,19,12,16,0,13.95,July,7,Morning
POST-0770,28-03-2025,Friday,12,Instagram,Image,Product,26099,3405,4821,149,8,7,14,0,5.23,March,3,Afternoon
POST-0771,30-11-2025,Sunday,11,Facebook,Video,Education,26133,4520,5683,142,16,7,1,3551,3.67,November,11,Morning
POST-0772,19-06-2025,Thursday,11,Facebook,Short,Behind the Scenes,26152,2202,3178,118,7,3,10,901,6.27,June,6,Morning
POST-0773,09-11-2025,Sunday,12,Instagram,Short,Product,26178,984,1503,55,8,1,4,793,6.91,November,11,Afternoon
POST-0774,18-11-2025,Tuesday,10,Instagram,Short,Announcement,26217,2308,2964,57,3,1,2,2074,2.73,November,11,Morning
POST-0775,06-02-2025,Thursday,15,Facebook,Text,Announcement,26240,1453,2423,126,5,10,6,0,10.12,February,2,Afternoon
POST-0776,05-10-2025,Sunday,13,LinkedIn,Carousel,Tutorial,26303,4025,6486,358,25,40,15,0,10.88,October,10,Afternoon
POST-0777,16-10-2025,Thursday,14,YouTube,Video,Announcement,26328,1762,2845,71,7,5,5,843,4.99,October,10,Afternoon
POST-0778,30-10-2025,Thursday,11,LinkedIn,Carousel,Education,26349,7492,11576,463,44,25,13,0,7.27,October,10,Morning
POST-0779,27-12-2025,Saturday,18,LinkedIn,Image,Product,26391,3041,3717,270,34,20,23,0,11.41,December,12,Evening
POST-0780,05-10-2025,Sunday,15,Facebook,Image,Education,26428,1807,2854,85,3,2,5,0,5.26,October,10,Afternoon
POST-0781,01-11-2025,Saturday,16,YouTube,Image,Education,26455,2132,2517,138,12,3,10,0,7.65,November,11,Evening
POST-0782,16-09-2025,Tuesday,21,Instagram,Carousel,Product,26480,1543,1784,59,6,1,6,0,4.67,September,9,Night
POST-0783,18-04-2025,Friday,19,Instagram,Text,Behind the Scenes,26514,3486,4977,205,35,15,7,0,7.52,April,4,Evening
POST-0784,07-11-2025,Friday,22,YouTube,Short,Behind the Scenes,26552,6390,7535,344,55,26,14,2022,6.87,November,11,Night
POST-0785,13-09-2025,Saturday,8,LinkedIn,Image,Behind the Scenes,26589,2499,2862,212,24,7,16,0,10.36,September,9,Morning
POST-0786,06-09-2025,Saturday,10,Instagram,Short,Announcement,26613,4680,6992,167,11,18,7,3652,4.34,September,9,Morning
POST-0787,22-12-2025,Monday,20,Instagram,Short,Announcement,26646,1675,2984,36,1,1,3,1115,2.45,December,12,Night
POST-0788,26-09-2025,Friday,16,Instagram,Short,Product,26684,3333,3638,384,47,26,9,1352,13.98,September,9,Evening
POST-0789,04-05-2025,Sunday,22,Facebook,Carousel,Education,26722,9992,13820,296,33,25,40,0,3.94,May,5,Night
POST-0790,21-04-2025,Monday,18,YouTube,Text,Tutorial,26713,1298,1450,89,8,1,11,0,8.4,April,4,Evening
POST-0791,30-04-2025,Wednesday,20,Facebook,Image,Announcement,26730,5542,8058,417,57,19,11,0,9.09,April,4,Night
POST-0792,03-03-2025,Monday,10,Instagram,Video,Tutorial,26749,5366,7946,288,27,20,17,4234,6.56,March,3,Morning
POST-0793,30-01-2025,Thursday,9,Facebook,Video,Announcement,26774,1000,1417,109,15,9,5,934,13.8,January,1,Morning
POST-0794,04-10-2025,Saturday,15,Facebook,Carousel,Education,26804,1278,1379,55,4,4,3,0,5.16,October,10,Afternoon
POST-0795,13-10-2025,Monday,16,YouTube,Image,Product,26843,1645,2591,58,4,4,1,0,4.07,October,10,Evening
POST-0796,02-03-2025,Sunday,11,Instagram,Image,Education,26878,4794,6859,105,17,2,8,0,2.75,March,3,Morning
POST-0797,24-05-2025,Saturday,21,YouTube,Image,Behind the Scenes,26905,2222,3288,227,25,5,24,0,12.65,May,5,Night
POST-0798,02-12-2025,Tuesday,13,Facebook,Video,Tutorial,26933,2566,3980,100,16,10,3,2145,5.03,December,12,Afternoon
POST-0799,02-11-2025,Sunday,14,Instagram,Video,Entertainment,26982,4152,7180,477,17,16,45,3403,13.37,November,11,Afternoon
POST-0800,06-08-2025,Wednesday,12,Instagram,Video,Tutorial,27003,3002,4130,202,34,11,18,2052,8.83,August,8,Afternoon
POST-0801,21-12-2025,Sunday,15,YouTube,Carousel,Tutorial,27035,3185,5525,336,12,34,29,0,12.9,December,12,Afternoon
POST-0802,01-05-2025,Thursday,20,Instagram,Image,Announcement,27081,2357,2785,56,7,1,6,0,2.97,May,5,Night
POST-0803,05-11-2025,Wednesday,14,Facebook,Image,Announcement,27114,5220,7257,457,53,48,43,0,11.51,November,11,Afternoon
POST-0804,08-12-2025,Monday,11,Facebook,Text,Entertainment,27117,1833,2167,180,8,15,21,0,12.22,December,12,Morning
POST-0805,05-08-2025,Tuesday,18,LinkedIn,Carousel,Education,27149,7067,9393,533,40,31,76,0,9.62,August,8,Evening
POST-0806,26-02-2025,Wednesday,16,Facebook,Short,Announcement,27173,2335,4033,71,7,2,7,752,3.73,February,2,Evening
POST-0807,18-04-2025,Friday,10,YouTube,Short,Tutorial,27199,1813,3229,234,26,15,16,1137,16.05,April,4,Morning
POST-0808,07-07-2025,Monday,16,Instagram,Text,Entertainment,27240,4013,5635,359,36,36,16,0,11.14,July,7,Evening
POST-0809,12-04-2025,Saturday,11,Facebook,Video,Tutorial,27274,3603,4530,139,4,4,11,1906,4.39,April,4,Morning
POST-0810,03-02-2025,Monday,12,Facebook,Image,Tutorial,27299,946,1222,92,16,4,10,0,12.9,February,2,Afternoon
POST-0811,04-03-2025,Tuesday,10,Facebook,Text,Behind the Scenes,27337,3175,5480,70,5,4,7,0,2.71,March,3,Morning
POST-0812,19-12-2025,Friday,21,Facebook,Image,Behind the Scenes,27370,1337,1843,34,4,3,2,0,3.22,December,12,Night
POST-0813,20-05-2025,Tuesday,18,Facebook,Text,Announcement,27400,1781,2135,28,4,1,3,0,2.02,May,5,Evening
POST-0814,30-07-2025,Wednesday,12,Instagram,Video,Education,27431,4332,7261,356,61,21,15,2094,10.46,July,7,Afternoon
POST-0815,10-06-2025,Tuesday,16,Facebook,Video,Announcement,27462,1748,2504,101,4,11,2,807,6.75,June,6,Evening
POST-0816,21-10-2025,Tuesday,12,YouTube,Text,Announcement,27486,3415,4679,85,13,5,10,0,3.31,October,10,Afternoon
POST-0817,06-02-2025,Thursday,22,Instagram,Image,Product,27509,2279,3936,139,14,12,17,0,7.99,February,2,Night
POST-0818,13-04-2025,Sunday,18,Instagram,Image,Announcement,27537,8132,13089,788,100,68,50,0,12.37,April,4,Evening
POST-0819,02-08-2025,Saturday,8,Instagram,Text,Tutorial,27554,2663,2824,64,4,4,5,0,2.89,August,8,Morning
POST-0820,20-10-2025,Monday,15,YouTube,Video,Announcement,27567,1471,2610,131,6,7,1,589,9.86,October,10,Afternoon
POST-0821,18-06-2025,Wednesday,14,Instagram,Text,Tutorial,27610,1528,2125,47,5,3,6,0,3.99,June,6,Afternoon
POST-0822,14-09-2025,Sunday,18,YouTube,Image,Education,27635,1705,2020,110,17,11,5,0,8.39,September,9,Evening
POST-0823,20-10-2025,Monday,22,LinkedIn,Video,Entertainment,27663,3008,5211,155,14,4,12,1867,6.15,October,10,Night
POST-0824,23-08-2025,Saturday,10,Facebook,Video,Tutorial,27689,2799,3819,126,21,5,3,2168,5.54,August,8,Morning
POST-0825,27-10-2025,Monday,10,Facebook,Image,Announcement,27718,4777,7468,76,10,3,2,0,1.9,October,10,Morning
POST-0826,13-12-2025,Saturday,10,LinkedIn,Image,Behind the Scenes,27746,3072,4955,197,6,19,18,0,7.81,December,12,Morning
POST-0827,21-03-2025,Friday,22,Instagram,Text,Behind the Scenes,27775,3007,3596,170,28,8,16,0,7.38,March,3,Night
POST-0828,08-06-2025,Sunday,19,YouTube,Video,Announcement,27793,3347,5983,319,14,19,36,2034,11.59,June,6,Evening
POST-0829,24-03-2025,Monday,15,Instagram,Video,Entertainment,27832,2607,3837,100,6,6,8,2037,4.6,March,3,Afternoon
POST-0830,01-06-2025,Sunday,13,Instagram,Video,Entertainment,27852,3287,3591,408,46,46,30,2721,16.12,June,6,Afternoon
POST-0831,01-01-2025,Wednesday,16,LinkedIn,Carousel,Announcement,27892,4305,6253,71,12,1,6,0,2.09,January,1,Evening
POST-0832,10-09-2025,Wednesday,20,Instagram,Short,Education,27897,4305,4579,171,7,6,6,2558,4.41,September,9,Night
POST-0833,28-03-2025,Friday,8,Facebook,Image,Entertainment,27913,2072,3697,144,10,15,8,0,8.54,March,3,Morning
POST-0834,01-11-2025,Saturday,11,LinkedIn,Carousel,Behind the Scenes,27953,1057,1637,27,1,1,2,0,2.93,November,11,Morning
POST-0835,20-09-2025,Saturday,17,YouTube,Carousel,Entertainment,27979,1792,2391,73,2,3,1,0,4.41,September,9,Evening
POST-0836,03-05-2025,Saturday,11,Facebook,Video,Entertainment,27999,3264,5383,221,20,24,9,2448,8.39,May,5,Morning
POST-0837,15-06-2025,Sunday,22,YouTube,Video,Announcement,28031,711,1169,72,7,1,1,242,11.39,June,6,Night
POST-0838,02-09-2025,Tuesday,20,Instagram,Text,Education,28047,2151,3388,205,21,4,2,0,10.79,September,9,Night
POST-0839,02-06-2025,Monday,20,YouTube,Image,Behind the Scenes,28076,3576,4385,166,5,17,10,0,5.54,June,6,Night
POST-0840,18-03-2025,Tuesday,13,Instagram,Text,Education,28077,2048,2293,156,14,15,9,0,9.47,March,3,Afternoon
POST-0841,16-01-2025,Thursday,9,Instagram,Image,Education,28100,1509,2553,27,2,1,2,0,2.12,January,1,Morning
POST-0842,21-07-2025,Monday,9,Instagram,Video,Tutorial,28120,7324,12570,836,142,37,43,2302,14.45,July,7,Morning
POST-0843,14-07-2025,Monday,16,LinkedIn,Video,Tutorial,28154,5977,7824,507,40,49,8,5128,10.11,July,7,Evening
POST-0844,08-10-2025,Wednesday,11,Instagram,Video,Tutorial,28193,2420,3242,278,34,8,28,2124,14.38,October,10,Morning
POST-0845,17-02-2025,Monday,19,Instagram,Image,Entertainment,28210,5774,7808,204,20,11,2,0,4.1,February,2,Evening
POST-0846,24-01-2025,Friday,19,LinkedIn,Image,Behind the Scenes,28258,5696,7162,325,47,12,4,0,6.81,January,1,Evening
POST-0847,26-09-2025,Friday,11,Instagram,Image,Education,28279,1497,2625,126,15,7,1,0,9.95,September,9,Morning
POST-0848,23-09-2025,Tuesday,11,LinkedIn,Carousel,Behind the Scenes,28282,12175,17637,208,37,4,25,0,2.25,September,9,Morning
POST-0849,19-10-2025,Sunday,21,LinkedIn,Image,Tutorial,28281,1664,2632,143,17,9,8,0,10.64,October,10,Night
POST-0850,06-01-2025,Monday,16,YouTube,Video,Education,28328,2411,3625,235,18,14,25,2195,12.11,January,1,Evening
POST-0851,28-08-2025,Thursday,9,YouTube,Video,Product,28355,1524,1702,161,14,18,6,1145,13.06,August,8,Morning
POST-0852,16-12-2025,Tuesday,20,Instagram,Text,Announcement,28375,2906,3208,89,14,4,5,0,3.85,December,12,Night
POST-0853,06-10-2025,Monday,20,Instagram,Video,Product,28394,1350,1566,137,11,8,11,1031,12.37,October,10,Night
POST-0854,21-06-2025,Saturday,17,Instagram,Short,Announcement,28409,2772,3943,220,36,7,24,832,10.35,June,6,Evening
POST-0855,23-06-2025,Monday,11,Instagram,Image,Education,28453,5046,7674,150,14,6,19,0,3.75,June,6,Morning
POST-0856,30-05-2025,Friday,19,YouTube,Carousel,Announcement,28480,3128,5620,91,15,3,5,0,3.64,May,5,Evening
POST-0857,21-01-2025,Tuesday,14,LinkedIn,Image,Entertainment,28530,2404,4148,211,11,24,22,0,11.15,January,1,Afternoon
POST-0858,20-09-2025,Saturday,22,YouTube,Image,Behind the Scenes,28555,6505,10435,355,51,11,5,0,6.49,September,9,Night
POST-0859,16-07-2025,Wednesday,20,LinkedIn,Image,Education,28555,1697,2269,64,6,5,5,0,4.71,July,7,Night
POST-0860,11-07-2025,Friday,12,Facebook,Text,Product,28593,4733,6193,219,14,22,21,0,5.83,July,7,Afternoon
POST-0861,07-12-2025,Sunday,21,Instagram,Image,Behind the Scenes,28617,2353,3701,185,21,20,8,0,9.94,December,12,Night
POST-0862,24-09-2025,Wednesday,21,YouTube,Video,Entertainment,28642,3127,4094,107,3,9,8,2600,4.06,September,9,Night
POST-0863,17-12-2025,Wednesday,11,Instagram,Video,Announcement,28689,2825,4588,102,5,3,4,2513,4.04,December,12,Morning
POST-0864,31-01-2025,Friday,16,Instagram,Text,Announcement,28714,2978,4754,225,34,24,24,0,10.31,January,1,Evening
POST-0865,14-12-2025,Sunday,18,LinkedIn,Image,Product,28756,2695,3072,245,26,17,4,0,10.83,December,12,Evening
POST-0866,25-07-2025,Friday,11,Instagram,Video,Product,28784,1804,2981,163,12,11,10,1520,10.86,July,7,Morning
POST-0867,27-05-2025,Tuesday,20,Instagram,Carousel,Announcement,28803,2028,2271,208,9,22,27,0,13.12,May,5,Night
POST-0868,23-07-2025,Wednesday,9,Instagram,Short,Product,28837,3534,4552,173,8,2,13,2775,5.55,July,7,Morning
POST-0869,14-01-2025,Tuesday,18,Facebook,Carousel,Announcement,28857,2611,4650,117,7,10,16,0,5.74,January,1,Evening
POST-0870,07-12-2025,Sunday,12,YouTube,Video,Behind the Scenes,28900,1461,2247,88,7,7,9,1215,7.6,December,12,Afternoon
POST-0871,18-08-2025,Monday,22,Instagram,Image,Product,28940,1879,3179,91,2,7,9,0,5.8,August,8,Night
POST-0872,15-01-2025,Wednesday,10,Facebook,Video,Behind the Scenes,28968,1891,3299,83,4,2,8,1520,5.13,January,1,Morning
POST-0873,30-11-2025,Sunday,13,Instagram,Video,Tutorial,29004,2684,3350,278,25,30,24,2338,13.3,November,11,Afternoon
POST-0874,15-06-2025,Sunday,19,Facebook,Text,Behind the Scenes,29038,3051,5024,119,19,5,9,0,4.98,June,6,Evening
POST-0875,13-02-2025,Thursday,13,YouTube,Image,Product,29063,2906,3862,163,25,7,17,0,7.3,February,2,Afternoon
POST-0876,19-08-2025,Tuesday,16,YouTube,Video,Tutorial,29102,1929,2119,137,23,13,12,1590,9.59,August,8,Evening
POST-0877,26-01-2025,Sunday,12,YouTube,Text,Tutorial,29127,2789,3151,311,19,34,36,0,14.34,January,1,Afternoon
POST-0878,21-07-2025,Monday,8,Facebook,Text,Tutorial,29163,1300,1488,55,2,2,0,0,4.54,July,7,Morning
POST-0879,05-10-2025,Sunday,8,LinkedIn,Short,Tutorial,29179,565,860,48,7,2,0,182,10.09,October,10,Morning
POST-0880,28-01-2025,Tuesday,21,Facebook,Video,Behind the Scenes,29208,2677,4099,134,17,12,8,1181,6.39,January,1,Night
POST-0881,16-10-2025,Thursday,20,Instagram,Video,Entertainment,29241,1110,1871,115,7,7,10,660,12.52,October,10,Night
POST-0882,05-08-2025,Tuesday,16,YouTube,Image,Product,29260,1637,2081,87,7,3,5,0,6.23,August,8,Evening
POST-0883,29-04-2025,Tuesday,18,Instagram,Carousel,Tutorial,29283,1419,2301,24,3,1,1,0,2.04,April,4,Evening
POST-0884,23-03-2025,Sunday,14,Instagram,Short,Entertainment,29305,3891,4864,291,44,23,2,3662,9.25,March,3,Afternoon
POST-0885,05-01-2025,Sunday,15,Instagram,Text,Behind the Scenes,29341,1414,1817,65,10,5,5,0,6.01,January,1,Afternoon
POST-0886,13-03-2025,Thursday,10,Instagram,Text,Announcement,29361,3200,4933,129,12,6,17,0,5.12,March,3,Morning
POST-0887,14-04-2025,Monday,9,LinkedIn,Image,Tutorial,29394,2100,2823,83,4,3,7,0,4.62,April,4,Morning
POST-0888,17-11-2025,Monday,15,Facebook,Carousel,Announcement,29440,1391,2501,21,2,2,0,0,1.8,November,11,Afternoon
POST-0889,07-07-2025,Monday,22,LinkedIn,Video,Education,29473,1154,1485,103,4,4,8,1042,10.31,July,7,Night
POST-0890,14-03-2025,Friday,21,Facebook,Image,Behind the Scenes,29481,3535,4341,217,10,9,13,0,7.04,March,3,Night
POST-0891,29-09-2025,Monday,16,Instagram,Video,Product,29511,3389,5793,294,12,13,14,2066,9.83,September,9,Evening
POST-0892,15-06-2025,Sunday,16,Instagram,Video,Entertainment,29552,4192,7146,333,21,13,4,3369,8.85,June,6,Evening
POST-0893,01-11-2025,Saturday,20,YouTube,Video,Announcement,29576,7495,8785,461,24,14,39,5301,7.18,November,11,Night
POST-0894,01-10-2025,Wednesday,14,Instagram,Image,Education,29618,3177,4140,184,11,10,1,0,6.48,October,10,Afternoon
POST-0895,07-12-2025,Sunday,13,YouTube,Image,Announcement,29653,3192,4572,198,25,6,22,0,7.86,December,12,Afternoon
POST-0896,16-09-2025,Tuesday,17,Facebook,Carousel,Announcement,29686,2553,2807,237,31,20,2,0,11.36,September,9,Evening
POST-0897,09-02-2025,Sunday,15,Instagram,Video,Behind the Scenes,29711,2894,3843,162,5,3,15,1503,6.39,February,2,Afternoon
POST-0898,22-07-2025,Tuesday,16,Instagram,Video,Announcement,29733,2251,3663,78,11,3,3,1587,4.22,July,7,Evening
POST-0899,05-06-2025,Thursday,8,YouTube,Carousel,Behind the Scenes,29758,1668,2712,40,5,4,2,0,3.06,June,6,Morning
POST-0900,22-10-2025,Wednesday,17,Facebook,Carousel,Entertainment,29787,8164,9483,356,61,23,27,0,5.72,October,10,Evening
POST-0901,26-02-2025,Wednesday,13,YouTube,Short,Announcement,29821,978,1249,80,3,7,2,725,9.41,February,2,Afternoon
POST-0902,20-06-2025,Friday,10,Facebook,Short,Tutorial,29855,3132,3919,238,33,9,7,1969,9.16,June,6,Morning
POST-0903,29-10-2025,Wednesday,19,Instagram,Carousel,Tutorial,29879,3473,5429,287,32,28,29,0,10.83,October,10,Evening
POST-0904,15-08-2025,Friday,10,Instagram,Carousel,Education,29908,2956,3396,226,30,6,28,0,9.81,August,8,Morning
POST-0905,14-01-2025,Tuesday,10,Instagram,Short,Product,29941,1602,2866,44,6,5,1,1288,3.5,January,1,Morning
POST-0906,26-10-2025,Sunday,8,Instagram,Video,Product,29949,2446,2781,147,5,16,5,1057,7.07,October,10,Morning
POST-0907,14-05-2025,Wednesday,18,Facebook,Video,Entertainment,29968,2108,3049,114,17,9,14,1125,7.31,May,5,Evening
POST-0908,05-09-2025,Friday,20,LinkedIn,Short,Behind the Scenes,29987,1503,2370,42,5,1,3,749,3.39,September,9,Night
POST-0909,27-08-2025,Wednesday,13,Facebook,Video,Announcement,30013,2645,4658,201,24,18,23,2304,10.06,August,8,Afternoon
POST-0910,23-08-2025,Saturday,8,Instagram,Carousel,Product,30037,2167,3273,189,16,18,11,0,10.8,August,8,Morning
POST-0911,02-06-2025,Monday,14,Instagram,Video,Entertainment,30062,2000,3383,46,5,3,4,1823,2.9,June,6,Afternoon
POST-0912,29-05-2025,Thursday,11,Facebook,Image,Behind the Scenes,30080,3943,5710,236,12,23,25,0,7.51,May,5,Morning
POST-0913,06-02-2025,Thursday,11,LinkedIn,Short,Product,30116,1511,1836,44,5,1,4,1372,3.57,February,2,Morning
POST-0914,23-07-2025,Wednesday,16,YouTube,Carousel,Announcement,30148,3446,4706,312,34,30,21,0,11.52,July,7,Evening
POST-0915,17-04-2025,Thursday,18,Instagram,Image,Behind the Scenes,30156,1932,2908,129,14,5,6,0,7.97,April,4,Evening
POST-0916,25-05-2025,Sunday,15,Instagram,Video,Education,30185,3417,4948,88,11,5,4,1688,3.16,May,5,Afternoon
POST-0917,03-03-2025,Monday,13,YouTube,Short,Product,30199,2805,4591,214,9,11,4,2656,8.48,March,3,Afternoon
POST-0918,29-09-2025,Monday,21,LinkedIn,Carousel,Behind the Scenes,30248,3081,4481,109,4,4,2,0,3.86,September,9,Night
POST-0919,03-12-2025,Wednesday,16,Instagram,Image,Education,30271,1574,2105,55,2,2,3,0,3.94,December,12,Evening
POST-0920,19-05-2025,Monday,11,Instagram,Short,Product,30294,1761,2529,158,6,16,16,1237,11.13,May,5,Morning
POST-0921,04-06-2025,Wednesday,20,Instagram,Carousel,Education,30323,1684,2424,89,12,2,4,0,6.35,June,6,Night
POST-0922,20-06-2025,Friday,9,Instagram,Text,Entertainment,30349,2964,3134,300,14,20,24,0,12.08,June,6,Morning
POST-0923,27-01-2025,Monday,21,LinkedIn,Carousel,Announcement,30377,4060,5262,377,32,25,47,0,11.85,January,1,Night
POST-0924,03-10-2025,Friday,10,YouTube,Text,Product,30423,4871,7207,477,60,14,10,0,11.52,October,10,Morning
POST-0925,18-11-2025,Tuesday,16,LinkedIn,Carousel,Behind the Scenes,30454,2044,3238,101,6,2,6,0,5.63,November,11,Evening
POST-0926,03-07-2025,Thursday,15,Instagram,Short,Product,30492,2819,3863,326,54,20,16,1873,14.76,July,7,Afternoon
POST-0927,23-01-2025,Thursday,22,Instagram,Short,Announcement,30534,1106,1780,28,3,1,2,409,3.07,January,1,Night
POST-0928,04-05-2025,Sunday,12,Facebook,Video,Announcement,30551,795,1134,75,5,2,8,258,11.32,May,5,Afternoon
POST-0929,27-02-2025,Thursday,9,Facebook,Image,Behind the Scenes,30599,1670,2216,76,8,3,0,0,5.21,February,2,Morning
POST-0930,29-10-2025,Wednesday,14,Instagram,Carousel,Behind the Scenes,30636,1864,2296,178,25,7,14,0,12.02,October,10,Afternoon
POST-0931,20-10-2025,Monday,12,YouTube,Video,Education,30675,1144,1885,26,3,1,0,903,2.62,October,10,Afternoon
POST-0932,20-05-2025,Tuesday,18,YouTube,Short,Education,30693,1011,1760,83,10,9,3,893,10.39,May,5,Evening
POST-0933,18-05-2025,Sunday,8,Facebook,Short,Announcement,30731,3596,5742,88,8,3,4,2174,2.86,May,5,Morning
POST-0934,05-11-2025,Wednesday,12,YouTube,Text,Education,30764,1725,2096,77,2,4,3,0,4.99,November,11,Afternoon
POST-0935,02-02-2025,Sunday,21,Instagram,Image,Education,30786,1065,1682,72,8,6,4,0,8.45,February,2,Night
POST-0936,14-10-2025,Tuesday,17,LinkedIn,Image,Announcement,30842,9582,13690,256,32,12,15,0,3.29,October,10,Evening
POST-0937,18-12-2025,Thursday,9,YouTube,Text,Education,30877,2943,5131,243,32,7,17,0,10.16,December,12,Morning
POST-0938,13-06-2025,Friday,8,Facebook,Image,Tutorial,30902,2248,2370,131,10,11,5,0,6.98,June,6,Morning
POST-0939,03-10-2025,Friday,15,YouTube,Short,Education,30933,3880,6323,170,26,9,8,2175,5.49,October,10,Afternoon
POST-0940,18-09-2025,Thursday,16,Instagram,Image,Tutorial,30972,1762,2466,114,12,2,4,0,7.49,September,9,Evening
POST-0941,24-11-2025,Monday,10,Instagram,Image,Entertainment,31014,6386,10803,363,31,18,23,0,6.81,November,11,Morning
POST-0942,13-01-2025,Monday,21,Instagram,Video,Product,31049,1148,1727,25,1,2,2,1003,2.61,January,1,Night
POST-0943,15-09-2025,Monday,8,Instagram,Video,Education,31092,1303,1375,123,3,2,1,1019,9.9,September,9,Morning
POST-0944,23-05-2025,Friday,22,Instagram,Image,Behind the Scenes,31137,2475,3882,201,27,21,28,0,11.19,May,5,Night
POST-0945,10-11-2025,Monday,8,YouTube,Video,Announcement,31151,1753,2541,209,15,16,4,835,13.92,November,11,Morning
POST-0946,11-11-2025,Tuesday,16,Instagram,Short,Tutorial,31173,5778,7103,691,108,70,66,2470,16.18,November,11,Evening
POST-0947,15-04-2025,Tuesday,22,Instagram,Text,Entertainment,31190,1106,1262,55,3,3,2,0,5.7,April,4,Night
POST-0948,31-07-2025,Thursday,22,Facebook,Video,Tutorial,31220,1783,2404,146,10,12,2,985,9.53,July,7,Night
POST-0949,30-06-2025,Monday,22,Instagram,Video,Entertainment,31265,3033,4460,254,36,26,24,1199,11.21,June,6,Night
POST-0950,23-07-2025,Wednesday,11,Instagram,Video,Entertainment,31301,3621,5101,88,7,2,6,3001,2.84,July,7,Morning
POST-0951,31-10-2025,Friday,18,Facebook,Text,Behind the Scenes,31317,4607,4896,352,62,10,16,0,9.55,October,10,Evening
POST-0952,31-08-2025,Sunday,12,YouTube,Video,Behind the Scenes,31342,3208,3724,158,18,11,7,1126,6.05,August,8,Afternoon
POST-0953,04-10-2025,Saturday,12,YouTube,Carousel,Education,31382,8894,13879,508,86,33,59,0,7.71,October,10,Afternoon
POST-0954,05-09-2025,Friday,14,Instagram,Image,Entertainment,31404,2047,2987,149,6,9,15,0,8.74,September,9,Afternoon
POST-0955,02-04-2025,Wednesday,14,YouTube,Video,Announcement,31431,2922,4696,219,7,11,8,1747,8.38,April,4,Afternoon
POST-0956,02-08-2025,Saturday,15,Instagram,Video,Education,31463,4242,5772,206,6,23,7,2474,5.7,August,8,Afternoon
POST-0957,19-05-2025,Monday,9,LinkedIn,Carousel,Product,31469,2229,2769,198,31,15,17,0,11.71,May,5,Morning
POST-0958,03-06-2025,Tuesday,20,Facebook,Video,Tutorial,31507,2257,3720,60,5,4,1,1493,3.1,June,6,Night
POST-0959,10-02-2025,Monday,13,Instagram,Short,Education,31539,2053,2491,170,22,3,5,1667,9.74,February,2,Afternoon
POST-0960,08-03-2025,Saturday,14,Instagram,Carousel,Behind the Scenes,31574,1860,2037,61,6,2,6,0,4.03,March,3,Afternoon
POST-0961,06-05-2025,Tuesday,19,LinkedIn,Video,Behind the Scenes,31591,1425,1890,156,27,7,14,679,14.32,May,5,Evening
POST-0962,17-04-2025,Thursday,8,Instagram,Video,Entertainment,31610,1951,2708,231,34,26,2,1392,15.02,April,4,Morning
POST-0963,21-08-2025,Thursday,17,Facebook,Carousel,Announcement,31631,1131,1364,85,8,2,6,0,8.93,August,8,Evening
POST-0964,17-04-2025,Thursday,18,LinkedIn,Carousel,Entertainment,31662,3255,5750,293,16,20,19,0,10.69,April,4,Evening
POST-0965,01-04-2025,Tuesday,20,Facebook,Image,Behind the Scenes,31691,1103,1349,88,7,8,9,0,10.15,April,4,Night
POST-0966,07-06-2025,Saturday,11,LinkedIn,Image,Education,31721,8189,9347,578,51,47,40,0,8.74,June,6,Morning
POST-0967,27-07-2025,Sunday,10,YouTube,Image,Behind the Scenes,31771,6702,10362,589,49,56,21,0,10.67,July,7,Morning
POST-0968,31-12-2025,Wednesday,21,Facebook,Text,Tutorial,31815,4835,5595,446,61,25,57,0,12.18,December,12,Night
POST-0969,06-07-2025,Sunday,15,YouTube,Carousel,Behind the Scenes,31834,2349,2959,87,13,2,2,0,4.43,July,7,Afternoon
POST-0970,09-05-2025,Friday,11,Instagram,Short,Behind the Scenes,31855,1911,2599,185,27,7,14,1398,12.19,May,5,Morning
POST-0971,28-04-2025,Monday,20,YouTube,Carousel,Tutorial,31904,5155,6471,173,10,12,7,0,3.92,April,4,Night
POST-0972,13-06-2025,Friday,12,Instagram,Carousel,Education,31928,2909,4480,169,8,11,15,0,6.98,June,6,Afternoon
POST-0973,05-12-2025,Friday,12,Facebook,Image,Product,31973,3579,4133,157,20,9,5,0,5.34,December,12,Afternoon
POST-0974,16-05-2025,Friday,10,Facebook,Carousel,Tutorial,32020,1774,2719,122,17,13,16,0,9.47,May,5,Morning
POST-0975,31-03-2025,Monday,18,Instagram,Image,Announcement,32042,4721,5367,353,51,20,20,0,9.4,March,3,Evening
POST-0976,01-08-2025,Friday,12,Instagram,Short,Tutorial,32067,1697,2520,195,31,7,16,785,14.67,August,8,Afternoon
POST-0977,10-10-2025,Friday,18,Instagram,Video,Announcement,32096,2789,4975,302,23,23,27,2357,13.45,October,10,Evening
POST-0978,12-12-2025,Friday,17,YouTube,Image,Education,32114,1019,1671,22,1,1,1,0,2.45,December,12,Evening
POST-0979,13-04-2025,Sunday,17,LinkedIn,Short,Product,32131,1836,3230,63,4,5,4,743,4.14,April,4,Evening
POST-0980,21-11-2025,Friday,12,LinkedIn,Image,Tutorial,32154,3459,5048,65,5,4,1,0,2.17,November,11,Afternoon
POST-0981,09-11-2025,Sunday,13,LinkedIn,Short,Announcement,32193,2053,2399,181,8,3,13,1005,9.99,November,11,Afternoon
POST-0982,18-05-2025,Sunday,8,Facebook,Text,Entertainment,32215,2056,2729,91,12,6,7,0,5.64,May,5,Morning
POST-0983,03-05-2025,Saturday,13,Facebook,Carousel,Product,32241,4047,6605,396,42,15,53,0,12.5,May,5,Afternoon
POST-0984,08-04-2025,Tuesday,16,Instagram,Video,Entertainment,32264,2523,2898,104,12,3,4,1013,4.88,April,4,Evening
POST-0985,26-04-2025,Saturday,22,Instagram,Short,Announcement,32276,5184,8025,628,100,60,15,4433,15.49,April,4,Night
POST-0986,19-11-2025,Wednesday,19,Instagram,Carousel,Announcement,32322,698,901,59,6,6,3,0,10.6,November,11,Evening
POST-0987,24-04-2025,Thursday,10,Facebook,Image,Announcement,32322,3583,6227,285,46,30,34,0,11.02,April,4,Morning
POST-0988,30-06-2025,Monday,9,Instagram,Short,Education,32342,3464,4547,289,42,12,2,2915,9.96,June,6,Morning
POST-0989,08-12-2025,Monday,22,Instagram,Image,Behind the Scenes,32377,1125,1453,109,11,6,1,0,11.29,December,12,Night
POST-0990,08-09-2025,Monday,14,Instagram,Video,Product,32389,1288,1615,55,6,5,6,911,5.59,September,9,Afternoon
POST-0991,17-02-2025,Monday,13,Instagram,Video,Tutorial,32424,4243,6173,475,46,49,33,2513,14.21,February,2,Afternoon
POST-0992,27-01-2025,Monday,9,Facebook,Video,Tutorial,32467,1461,2577,154,12,3,14,1107,12.53,January,1,Morning
POST-0993,23-03-2025,Sunday,8,Instagram,Carousel,Tutorial,32485,1850,2692,132,18,5,9,0,8.86,March,3,Morning
POST-0994,13-11-2025,Thursday,8,Instagram,Short,Product,32516,3638,5842,326,39,25,9,2896,10.97,November,11,Morning
POST-0995,24-03-2025,Monday,14,LinkedIn,Video,Tutorial,32531,2185,3147,88,7,2,7,1646,4.76,March,3,Afternoon
POST-0996,25-04-2025,Friday,13,LinkedIn,Video,Education,32565,3404,3785,227,28,4,8,1273,7.84,April,4,Afternoon
POST-0997,17-07-2025,Thursday,15,YouTube,Carousel,Tutorial,32595,1629,2427,117,12,4,7,0,8.59,July,7,Afternoon
POST-0998,30-06-2025,Monday,12,YouTube,Image,Announcement,32625,3083,4611,144,6,10,5,0,5.35,June,6,Afternoon
POST-0999,28-01-2025,Tuesday,15,Instagram,Image,Announcement,32670,4741,7098,95,12,8,12,0,2.68,January,1,Afternoon
POST-1000,14-03-2025,Friday,21,LinkedIn,Short,Entertainment,32704,3131,3988,352,36,33,19,2175,14.05,March,3,Night
POST-1001,29-12-2025,Monday,20,Facebook,Text,Education,32748,787,983,65,11,4,6,0,10.93,December,12,Night
POST-1002,03-06-2025,Tuesday,8,YouTube,Text,Product,32784,3743,4854,192,31,14,6,0,6.49,June,6,Morning
POST-1003,12-04-2025,Saturday,8,Instagram,Short,Entertainment,32798,2704,2901,204,8,13,15,1042,8.88,April,4,Morning
POST-1004,30-10-2025,Thursday,17,Instagram,Video,Announcement,32829,1595,1867,131,8,12,5,1079,9.78,October,10,Evening
POST-1005,20-06-2025,Friday,14,Instagram,Video,Behind the Scenes,32864,5618,7108,681,90,57,14,2743,14.99,June,6,Afternoon
POST-1006,30-10-2025,Thursday,19,Instagram,Carousel,Announcement,32874,1008,1445,66,3,5,3,0,7.64,October,10,Evening
POST-1007,28-02-2025,Friday,8,Instagram,Text,Tutorial,32919,7311,12674,603,91,65,10,0,10.52,February,2,Morning
POST-1008,22-06-2025,Sunday,14,YouTube,Video,Announcement,32948,1852,2918,200,26,5,14,1710,13.23,June,6,Afternoon
POST-1009,23-10-2025,Thursday,21,YouTube,Image,Behind the Scenes,32980,6202,8912,163,28,3,12,0,3.32,October,10,Night
POST-1010,08-10-2025,Wednesday,15,Instagram,Image,Product,32998,2556,4057,177,14,12,21,0,8.76,October,10,Afternoon
POST-1011,05-09-2025,Friday,19,Instagram,Image,Education,33027,1263,1747,127,16,7,1,0,11.96,September,9,Evening
POST-1012,17-06-2025,Tuesday,11,Instagram,Video,Behind the Scenes,33059,2758,2993,294,35,31,15,1518,13.6,June,6,Morning
POST-1013,28-10-2025,Tuesday,9,Instagram,Video,Education,33083,3140,4913,369,47,17,43,2096,15.16,October,10,Morning
POST-1014,17-05-2025,Saturday,11,YouTube,Video,Announcement,33112,3523,5562,131,22,10,5,1558,4.77,May,5,Morning
POST-1015,29-08-2025,Friday,18,YouTube,Video,Entertainment,33115,4681,7215,492,40,42,6,1443,12.39,August,8,Evening
POST-1016,19-07-2025,Saturday,8,Instagram,Carousel,Entertainment,33160,1601,2704,65,3,2,7,0,4.81,July,7,Morning
POST-1017,21-04-2025,Monday,11,Facebook,Image,Tutorial,33175,3428,5609,306,46,6,7,0,10.65,April,4,Morning
POST-1018,15-03-2025,Saturday,21,YouTube,Short,Announcement,33177,3919,6551,416,20,24,35,1628,12.63,March,3,Night
POST-1019,14-07-2025,Monday,15,YouTube,Carousel,Behind the Scenes,33193,2256,2446,117,12,4,8,0,6.25,July,7,Afternoon
POST-1020,26-04-2025,Saturday,8,Facebook,Text,Education,33211,1567,2820,100,16,3,13,0,8.42,April,4,Morning
POST-1021,08-07-2025,Tuesday,16,Facebook,Image,Entertainment,33246,1550,2311,85,13,5,6,0,7.03,July,7,Evening
POST-1022,15-09-2025,Monday,10,Facebook,Text,Tutorial,33263,3946,5897,374,50,14,39,0,12.09,September,9,Morning
POST-1023,20-10-2025,Monday,21,Facebook,Image,Entertainment,33295,4054,6121,251,8,19,11,0,7.13,October,10,Night
POST-1024,09-10-2025,Thursday,18,Facebook,Carousel,Entertainment,33312,1662,2081,35,6,2,5,0,2.89,October,10,Evening
POST-1025,06-07-2025,Sunday,21,Facebook,Short,Product,33367,1257,1605,89,8,5,2,857,8.27,July,7,Night
POST-1026,21-01-2025,Tuesday,14,Instagram,Image,Entertainment,33401,5158,8808,91,6,6,10,0,2.19,January,1,Afternoon
POST-1027,07-03-2025,Friday,9,Facebook,Image,Tutorial,33453,1117,1675,29,1,1,3,0,3.04,March,3,Morning
POST-1028,25-09-2025,Thursday,15,Instagram,Carousel,Education,33469,2855,5054,173,8,12,12,0,7.18,September,9,Afternoon
POST-1029,06-08-2025,Wednesday,15,Instagram,Video,Entertainment,33505,1683,2030,114,3,11,5,1305,7.9,August,8,Afternoon
POST-1030,26-10-2025,Sunday,12,Instagram,Carousel,Announcement,33522,1000,1489,21,2,2,0,0,2.5,October,10,Afternoon
POST-1031,29-06-2025,Sunday,11,Instagram,Video,Behind the Scenes,33557,2800,4200,154,12,3,14,2114,6.54,June,6,Morning
POST-1032,12-06-2025,Thursday,10,Instagram,Video,Education,33593,2357,2540,115,7,5,3,2174,5.52,June,6,Morning
POST-1033,31-03-2025,Monday,22,Facebook,Carousel,Entertainment,33603,5753,8741,226,34,20,29,0,5.37,March,3,Night
POST-1034,23-01-2025,Thursday,19,Facebook,Text,Announcement,33617,9075,12144,477,20,37,64,0,6.59,January,1,Evening
POST-1035,22-02-2025,Saturday,10,Facebook,Text,Announcement,33631,2360,3239,42,3,2,1,0,2.03,February,2,Morning
POST-1036,07-09-2025,Sunday,9,Instagram,Video,Education,33641,4586,5453,102,15,10,4,3069,2.86,September,9,Morning
POST-1037,31-07-2025,Thursday,21,YouTube,Video,Announcement,33661,4635,6933,210,32,22,17,1924,6.06,July,7,Night
POST-1038,31-03-2025,Monday,12,Facebook,Image,Entertainment,33678,1964,3054,149,20,11,17,0,10.03,March,3,Afternoon
POST-1039,13-05-2025,Tuesday,12,Instagram,Image,Education,33688,1627,2796,165,17,6,2,0,11.68,May,5,Afternoon
POST-1040,23-08-2025,Saturday,19,Instagram,Image,Entertainment,33718,6316,10619,540,28,62,62,0,10.96,August,8,Evening
POST-1041,20-05-2025,Tuesday,10,Instagram,Short,Tutorial,33753,2141,3821,57,5,3,5,1492,3.27,May,5,Morning
POST-1042,18-05-2025,Sunday,12,YouTube,Carousel,Announcement,33765,2579,4595,245,33,12,21,0,12.06,May,5,Afternoon
POST-1043,09-04-2025,Wednesday,11,Instagram,Carousel,Announcement,33786,2230,3513,203,29,6,25,0,11.79,April,4,Morning
POST-1044,21-08-2025,Thursday,22,YouTube,Carousel,Education,33815,2431,3064,235,28,25,30,0,13.08,August,8,Night
POST-1045,21-11-2025,Friday,19,Instagram,Carousel,Product,33840,1879,2734,155,24,12,5,0,10.43,November,11,Evening
POST-1046,05-04-2025,Saturday,10,Facebook,Carousel,Announcement,33860,3940,4383,146,16,3,20,0,4.7,April,4,Morning
POST-1047,17-04-2025,Thursday,14,YouTube,Text,Announcement,33898,5201,7669,331,51,12,38,0,8.31,April,4,Afternoon
POST-1048,23-06-2025,Monday,15,Facebook,Text,Entertainment,33936,2132,2727,111,18,12,10,0,7.08,June,6,Afternoon
POST-1049,11-03-2025,Tuesday,10,Instagram,Text,Entertainment,33972,1228,1783,23,1,1,0,0,2.04,March,3,Morning
POST-1050,11-07-2025,Friday,16,Facebook,Short,Announcement,33998,2688,4334,192,9,16,23,2002,8.93,July,7,Evening
POST-1051,20-11-2025,Thursday,22,Facebook,Video,Product,34050,1158,1268,50,8,3,4,607,5.61,November,11,Night
POST-1052,19-08-2025,Tuesday,15,Facebook,Image,Behind the Scenes,34099,1842,3144,176,13,12,10,0,11.45,August,8,Afternoon
POST-1053,02-03-2025,Sunday,9,Instagram,Short,Product,34122,5129,5531,462,44,40,20,2255,11.04,March,3,Morning
POST-1054,16-03-2025,Sunday,19,LinkedIn,Image,Entertainment,34149,9317,13206,781,73,41,111,0,10.8,March,3,Evening
POST-1055,28-01-2025,Tuesday,15,YouTube,Carousel,Announcement,34191,3213,3900,63,8,4,2,0,2.4,January,1,Afternoon
POST-1056,18-12-2025,Thursday,8,Instagram,Video,Tutorial,34210,1459,1574,138,3,13,13,889,11.45,December,12,Morning
POST-1057,07-05-2025,Wednesday,12,YouTube,Video,Tutorial,34243,4008,5650,432,44,32,24,2068,13.27,May,5,Afternoon
POST-1058,16-04-2025,Wednesday,16,YouTube,Image,Education,34272,764,952,45,4,2,4,0,7.2,April,4,Evening
POST-1059,10-11-2025,Monday,14,YouTube,Video,Entertainment,34291,1788,1984,84,2,6,8,1020,5.59,November,11,Afternoon
POST-1060,22-04-2025,Tuesday,19,Instagram,Image,Product,34317,6020,10043,366,34,14,8,0,7.01,April,4,Evening
POST-1061,26-03-2025,Wednesday,17,Instagram,Video,Tutorial,34326,3932,4852,304,47,15,11,2500,9.59,March,3,Evening
POST-1062,04-04-2025,Friday,8,Instagram,Short,Education,34347,1228,2153,79,2,6,1,942,7.17,April,4,Morning
POST-1063,25-05-2025,Sunday,19,Facebook,Image,Entertainment,34352,1052,1584,44,2,3,2,0,4.85,May,5,Evening
POST-1064,25-01-2025,Saturday,16,YouTube,Image,Behind the Scenes,34407,4176,5497,336,40,10,8,0,9.43,January,1,Evening
POST-1065,22-08-2025,Friday,16,Instagram,Short,Tutorial,34453,2548,2791,291,31,30,31,2321,15.03,August,8,Evening
POST-1066,04-06-2025,Wednesday,14,YouTube,Carousel,Tutorial,34496,1889,3195,79,11,4,8,0,5.4,June,6,Afternoon
POST-1067,21-12-2025,Sunday,13,Instagram,Video,Announcement,34528,3277,3708,370,28,16,26,1920,13.43,December,12,Afternoon
POST-1068,09-10-2025,Thursday,14,Instagram,Video,Entertainment,34568,1910,3117,46,1,1,1,1214,2.57,October,10,Afternoon
POST-1069,21-05-2025,Wednesday,14,LinkedIn,Carousel,Education,34611,913,1320,67,5,7,2,0,8.87,May,5,Afternoon
POST-1070,16-09-2025,Tuesday,16,Instagram,Video,Education,34652,4071,5665,226,34,20,16,1330,7.27,September,9,Evening
POST-1071,22-10-2025,Wednesday,11,YouTube,Video,Announcement,34691,1834,2036,141,13,6,14,1555,9.49,October,10,Morning
POST-1072,13-03-2025,Thursday,17,Instagram,Carousel,Announcement,34708,1510,2061,73,6,2,9,0,5.96,March,3,Evening
POST-1073,28-02-2025,Friday,18,Instagram,Image,Tutorial,34741,1260,1338,29,3,2,3,0,2.94,February,2,Evening
POST-1074,19-02-2025,Wednesday,18,LinkedIn,Video,Education,34763,2998,4863,102,11,3,4,1685,4,February,2,Evening
POST-1075,17-01-2025,Friday,18,LinkedIn,Carousel,Education,34777,1683,2659,166,8,11,17,0,12,January,1,Evening
POST-1076,28-04-2025,Monday,21,Instagram,Carousel,Entertainment,34791,3680,4239,199,17,17,15,0,6.74,April,4,Night
POST-1077,17-10-2025,Friday,13,YouTube,Video,Education,34824,2259,3235,280,45,31,18,1340,16.56,October,10,Afternoon
POST-1078,08-10-2025,Wednesday,17,Instagram,Video,Education,34865,4725,5592,351,11,30,29,4261,8.91,October,10,Evening
POST-1079,18-05-2025,Sunday,21,Instagram,Image,Entertainment,34877,2116,3351,208,29,5,9,0,11.86,May,5,Night
POST-1080,28-06-2025,Saturday,22,Facebook,Short,Product,34926,1828,2178,113,8,7,4,1092,7.22,June,6,Night
POST-1081,08-10-2025,Wednesday,15,Facebook,Video,Behind the Scenes,34971,890,1049,103,14,10,5,792,14.83,October,10,Afternoon
POST-1082,03-12-2025,Wednesday,17,Facebook,Image,Product,34995,1433,1810,79,4,3,3,0,6.21,December,12,Evening
POST-1083,13-04-2025,Sunday,18,Facebook,Video,Behind the Scenes,35017,3879,6899,168,21,4,18,3436,5.44,April,4,Evening
POST-1084,28-08-2025,Thursday,12,Instagram,Carousel,Tutorial,35045,13923,23165,449,71,10,25,0,3.99,August,8,Afternoon
POST-1085,05-08-2025,Tuesday,16,Instagram,Short,Announcement,35084,1318,1782,34,1,2,0,514,2.81,August,8,Evening
POST-1086,15-08-2025,Friday,10,YouTube,Video,Entertainment,35108,1482,2439,46,7,5,3,1114,4.12,August,8,Morning
POST-1087,20-10-2025,Monday,16,Facebook,Short,Announcement,35123,3147,4157,270,11,17,33,1459,10.52,October,10,Evening
POST-1088,08-10-2025,Wednesday,9,Instagram,Carousel,Entertainment,35155,3396,4043,167,4,7,13,0,5.62,October,10,Morning
POST-1089,25-05-2025,Sunday,12,YouTube,Video,Education,35158,1806,3111,209,31,11,7,1172,14.29,May,5,Afternoon
POST-1090,01-10-2025,Wednesday,12,Facebook,Text,Behind the Scenes,35188,2731,2942,86,9,3,11,0,3.99,October,10,Afternoon
POST-1091,20-01-2025,Monday,18,Instagram,Image,Tutorial,35230,1085,1784,110,3,6,10,0,11.89,January,1,Evening
POST-1092,06-05-2025,Tuesday,9,Instagram,Short,Entertainment,35261,2222,3932,86,10,5,6,1320,4.82,May,5,Morning
POST-1093,21-03-2025,Friday,17,Instagram,Video,Education,35299,4283,4767,204,21,13,12,3096,5.84,March,3,Evening
POST-1094,04-04-2025,Friday,18,LinkedIn,Image,Entertainment,35333,6398,10841,280,50,8,33,0,5.8,April,4,Evening
POST-1095,26-11-2025,Wednesday,12,Instagram,Image,Tutorial,35369,2387,3902,96,16,10,9,0,5.49,November,11,Afternoon
POST-1096,09-06-2025,Monday,18,Instagram,Text,Product,35399,2270,2455,123,19,9,9,0,7.05,June,6,Evening
POST-1097,27-01-2025,Monday,17,YouTube,Short,Education,35417,3351,4634,361,39,27,15,1388,13.19,January,1,Evening
POST-1098,28-06-2025,Saturday,17,YouTube,Carousel,Entertainment,35442,4795,5970,112,16,11,11,0,3.13,June,6,Evening
POST-1099,26-01-2025,Sunday,9,Instagram,Video,Tutorial,35470,3416,4571,153,21,3,16,1764,5.65,January,1,Morning
POST-1100,21-02-2025,Friday,13,Facebook,Image,Behind the Scenes,35513,1735,2318,33,2,2,0,0,2.13,February,2,Afternoon
POST-1101,20-05-2025,Tuesday,12,Instagram,Image,Tutorial,35560,3181,4281,277,38,15,3,0,10.47,May,5,Afternoon
POST-1102,11-06-2025,Wednesday,14,Facebook,Text,Education,35593,4444,4698,111,8,9,2,0,2.93,June,6,Afternoon
POST-1103,26-03-2025,Wednesday,21,Instagram,Carousel,Education,35612,1772,2221,111,9,11,13,0,8.13,March,3,Night
POST-1104,22-08-2025,Friday,11,LinkedIn,Image,Entertainment,35631,1260,1597,111,4,2,10,0,10.08,August,8,Morning
POST-1105,01-07-2025,Tuesday,13,Instagram,Image,Behind the Scenes,35657,3458,5315,155,7,5,9,0,5.09,July,7,Afternoon
POST-1106,19-02-2025,Wednesday,21,Facebook,Short,Product,35702,3198,5027,93,9,4,11,3027,3.66,February,2,Night
POST-1107,28-10-2025,Tuesday,14,Facebook,Video,Education,35734,4442,7164,197,29,14,23,3503,5.92,October,10,Afternoon
POST-1108,20-02-2025,Thursday,8,Instagram,Short,Entertainment,35761,2748,4198,327,47,32,18,2048,15.43,February,2,Morning
POST-1109,12-05-2025,Monday,18,Instagram,Carousel,Tutorial,35780,1840,3165,45,2,3,2,0,2.83,May,5,Evening
POST-1110,05-03-2025,Wednesday,12,YouTube,Image,Announcement,35819,2061,3023,203,22,14,15,0,12.32,March,3,Afternoon
POST-1111,11-12-2025,Thursday,17,YouTube,Short,Entertainment,35850,1491,1915,48,2,1,3,637,3.62,December,12,Evening
POST-1112,14-04-2025,Monday,16,YouTube,Image,Product,35877,1560,1685,50,2,3,5,0,3.85,April,4,Evening
POST-1113,13-11-2025,Thursday,14,Facebook,Video,Entertainment,35907,1927,3073,182,15,10,20,1039,11.78,November,11,Afternoon
POST-1114,18-12-2025,Thursday,10,YouTube,Image,Product,35955,2011,2959,155,20,4,6,0,9.2,December,12,Morning
POST-1115,21-03-2025,Friday,21,YouTube,Video,Product,35981,4820,5651,263,44,28,26,2363,7.49,March,3,Night
POST-1116,10-01-2025,Friday,20,YouTube,Video,Product,36029,1339,1919,128,5,13,2,1123,11.05,January,1,Night
POST-1117,05-01-2025,Sunday,13,YouTube,Image,Education,36072,2553,4488,78,5,5,2,0,3.53,January,1,Afternoon
POST-1118,09-03-2025,Sunday,15,YouTube,Short,Behind the Scenes,36101,1899,2856,221,31,9,11,1652,14.32,March,3,Afternoon
POST-1119,27-05-2025,Tuesday,17,Instagram,Video,Tutorial,36139,5918,7585,476,49,36,7,5604,9.6,May,5,Evening
POST-1120,02-03-2025,Sunday,13,Instagram,Image,Entertainment,36166,3026,5008,311,27,16,16,0,12.23,March,3,Afternoon
POST-1121,16-12-2025,Tuesday,17,Instagram,Text,Product,36184,2138,2877,151,22,11,1,0,8.65,December,12,Evening
POST-1122,23-06-2025,Monday,8,Instagram,Short,Behind the Scenes,36209,4096,4346,327,10,7,31,2736,9.16,June,6,Morning
POST-1123,06-11-2025,Thursday,21,Facebook,Text,Behind the Scenes,36226,2721,3019,239,41,19,25,0,11.91,November,11,Night
POST-1124,06-01-2025,Monday,12,Instagram,Carousel,Announcement,36260,2022,3581,140,9,9,6,0,8.11,January,1,Afternoon
POST-1125,18-02-2025,Tuesday,14,Instagram,Carousel,Tutorial,36288,6078,6808,145,22,16,11,0,3.19,February,2,Afternoon
POST-1126,17-06-2025,Tuesday,16,YouTube,Carousel,Entertainment,36323,3872,6340,290,44,21,16,0,9.58,June,6,Evening
POST-1127,01-03-2025,Saturday,11,Instagram,Carousel,Education,36361,6762,7255,291,45,28,33,0,5.87,March,3,Morning
POST-1128,01-03-2025,Saturday,12,Instagram,Image,Entertainment,36352,4944,6762,369,45,15,17,0,9.02,March,3,Afternoon
POST-1129,09-01-2025,Thursday,15,Instagram,Image,Tutorial,36383,4013,5062,432,54,32,17,0,13.33,January,1,Afternoon
POST-1130,09-04-2025,Wednesday,8,YouTube,Video,Behind the Scenes,36390,2823,3692,244,7,11,22,2601,10.06,April,4,Morning
POST-1131,06-10-2025,Monday,12,Facebook,Video,Behind the Scenes,36420,1451,1622,146,12,16,14,774,12.96,October,10,Afternoon
POST-1132,17-10-2025,Friday,16,LinkedIn,Image,Entertainment,36437,3873,5234,174,21,20,18,0,6.02,October,10,Evening
POST-1133,05-07-2025,Saturday,10,LinkedIn,Short,Entertainment,36466,2734,4427,50,3,1,0,944,1.98,July,7,Morning
POST-1134,09-03-2025,Sunday,12,YouTube,Carousel,Entertainment,36511,3804,5491,80,10,5,1,0,2.52,March,3,Afternoon
POST-1135,14-06-2025,Saturday,22,YouTube,Video,Entertainment,36518,2617,3007,55,5,1,6,1296,2.56,June,6,Night
POST-1136,14-08-2025,Thursday,20,YouTube,Short,Education,36549,1803,2982,78,9,5,8,1553,5.55,August,8,Night
POST-1137,23-02-2025,Sunday,10,Instagram,Video,Entertainment,36576,1517,2584,71,11,7,2,641,6,February,2,Morning
POST-1138,29-05-2025,Thursday,18,LinkedIn,Text,Tutorial,36581,3856,5368,163,13,5,12,0,5.01,May,5,Evening
POST-1139,28-10-2025,Tuesday,16,Instagram,Carousel,Entertainment,36617,5333,7036,406,49,36,28,0,9.73,October,10,Evening
POST-1140,02-06-2025,Monday,18,Instagram,Carousel,Announcement,36645,2248,2390,190,6,12,8,0,9.61,June,6,Evening
POST-1141,21-06-2025,Saturday,11,Facebook,Image,Education,36667,3374,3721,271,40,32,5,0,10.31,June,6,Morning
POST-1142,26-10-2025,Sunday,21,YouTube,Short,Announcement,36686,5609,7468,574,87,33,20,2935,12.73,October,10,Night
POST-1143,03-09-2025,Wednesday,15,Instagram,Video,Announcement,36753,1668,1893,183,23,17,21,1291,14.63,September,9,Afternoon
POST-1144,28-02-2025,Friday,20,LinkedIn,Video,Tutorial,36776,2186,3884,195,25,15,11,869,11.25,February,2,Night
POST-1145,11-08-2025,Monday,19,YouTube,Image,Entertainment,36783,1428,2189,86,8,7,2,0,7.21,August,8,Evening
POST-1146,04-12-2025,Thursday,12,YouTube,Image,Product,36799,5017,6444,281,21,29,5,0,6.7,December,12,Afternoon
POST-1147,19-03-2025,Wednesday,8,Instagram,Image,Tutorial,36823,3040,4525,71,9,5,6,0,2.99,March,3,Morning
POST-1148,23-11-2025,Sunday,16,LinkedIn,Carousel,Announcement,36846,2047,2407,33,1,1,4,0,1.91,November,11,Evening
POST-1149,03-08-2025,Sunday,13,Instagram,Video,Entertainment,36873,1066,1852,117,12,8,4,570,13.23,August,8,Afternoon
POST-1150,01-09-2025,Monday,11,Instagram,Text,Tutorial,36889,2388,3404,70,3,6,7,0,3.6,September,9,Morning
POST-1151,01-05-2025,Thursday,10,LinkedIn,Carousel,Announcement,36923,4546,7158,402,57,41,5,0,11.11,May,5,Morning
POST-1152,19-01-2025,Sunday,11,LinkedIn,Video,Announcement,36946,2242,2660,128,12,10,3,1286,6.82,January,1,Morning
POST-1153,10-01-2025,Friday,19,LinkedIn,Short,Product,36957,2090,2937,48,5,2,4,1437,2.82,January,1,Evening
POST-1154,31-08-2025,Sunday,11,Facebook,Carousel,Behind the Scenes,36975,3742,5932,319,17,9,7,0,9.41,August,8,Morning
POST-1155,25-12-2025,Thursday,19,Instagram,Carousel,Tutorial,36999,1344,1801,109,9,3,7,0,9.52,December,12,Evening
POST-1156,08-08-2025,Friday,9,Instagram,Short,Behind the Scenes,37037,2713,2981,340,42,27,21,1514,15.85,August,8,Morning
POST-1157,11-05-2025,Sunday,21,YouTube,Text,Product,37071,3657,5126,249,23,14,3,0,7.9,May,5,Night
POST-1158,09-10-2025,Thursday,11,Instagram,Video,Behind the Scenes,37095,1723,2873,204,27,17,20,1212,15.55,October,10,Morning
POST-1159,12-12-2025,Friday,20,LinkedIn,Text,Announcement,37123,1677,2342,97,4,6,10,0,6.98,December,12,Night
POST-1160,20-03-2025,Thursday,11,Instagram,Image,Education,37154,3021,5391,120,9,6,13,0,4.9,March,3,Morning
POST-1161,07-02-2025,Friday,11,Instagram,Video,Announcement,37206,2499,3672,153,6,5,12,1979,7.04,February,2,Morning
POST-1162,14-12-2025,Sunday,18,Instagram,Image,Entertainment,37227,2320,3971,177,24,18,8,0,9.78,December,12,Evening
POST-1163,17-01-2025,Friday,9,Instagram,Image,Education,37260,2956,3175,288,24,12,28,0,11.91,January,1,Morning
POST-1164,20-11-2025,Thursday,11,YouTube,Text,Education,37297,2981,4541,281,39,22,22,0,12.21,November,11,Morning
POST-1165,22-02-2025,Saturday,17,Instagram,Image,Tutorial,37314,1592,2280,160,22,4,14,0,12.56,February,2,Evening
POST-1166,11-02-2025,Tuesday,8,LinkedIn,Video,Announcement,37344,1834,2417,130,3,14,12,693,8.67,February,2,Morning
POST-1167,11-04-2025,Friday,12,Facebook,Short,Entertainment,37374,3374,5825,214,25,7,9,3204,7.56,April,4,Afternoon
POST-1168,26-04-2025,Saturday,14,Instagram,Image,Announcement,37396,4872,5451,313,46,21,40,0,8.62,April,4,Afternoon
POST-1169,01-05-2025,Thursday,17,Facebook,Short,Education,37431,5533,7826,614,102,61,38,4020,14.73,May,5,Evening
POST-1170,12-01-2025,Sunday,11,Facebook,Video,Tutorial,37471,1664,2129,89,3,3,4,788,5.95,January,1,Morning
POST-1171,08-11-2025,Saturday,16,Instagram,Short,Tutorial,37513,4802,8499,120,5,10,8,2573,2.98,November,11,Evening
POST-1172,31-10-2025,Friday,18,Facebook,Text,Education,37539,3998,6541,193,18,11,28,0,6.25,October,10,Evening
POST-1173,06-09-2025,Saturday,13,LinkedIn,Video,Announcement,37569,2600,3121,214,29,24,19,1251,11,September,9,Afternoon
POST-1174,01-12-2025,Monday,11,YouTube,Image,Education,37625,3451,3954,331,14,10,6,0,10.46,December,12,Morning
POST-1175,09-12-2025,Tuesday,11,Instagram,Video,Education,37640,4159,4441,497,88,18,19,3699,14.96,December,12,Morning
POST-1176,28-12-2025,Sunday,16,LinkedIn,Image,Product,37670,7016,8311,515,70,38,53,0,9.64,December,12,Evening
POST-1177,18-05-2025,Sunday,8,LinkedIn,Video,Product,37709,1487,2597,147,4,12,18,709,12.17,May,5,Morning
POST-1178,12-08-2025,Tuesday,10,Instagram,Text,Product,37739,3672,6259,332,46,24,26,0,11.66,August,8,Morning
POST-1179,06-10-2025,Monday,9,Instagram,Video,Product,37775,2452,4045,258,23,8,17,2107,12.48,October,10,Morning
POST-1180,01-09-2025,Monday,15,LinkedIn,Carousel,Entertainment,37805,2364,3191,155,8,10,1,0,7.36,September,9,Afternoon
POST-1181,16-10-2025,Thursday,20,Facebook,Carousel,Tutorial,37842,4949,6984,471,60,12,14,0,11.25,October,10,Night
POST-1182,05-09-2025,Friday,21,Instagram,Image,Education,37885,4137,6128,405,55,34,46,0,13.05,September,9,Night
POST-1183,22-05-2025,Thursday,17,YouTube,Video,Tutorial,37911,1522,2522,29,2,1,1,1283,2.17,May,5,Evening
POST-1184,28-07-2025,Monday,12,Instagram,Text,Tutorial,37941,2269,2389,61,3,6,4,0,3.26,July,7,Afternoon
POST-1185,14-03-2025,Friday,8,LinkedIn,Video,Product,37968,2998,3555,350,20,20,31,1152,14.04,March,3,Morning
POST-1186,14-12-2025,Sunday,15,Instagram,Video,Behind the Scenes,37991,1226,1821,109,3,2,8,746,9.95,December,12,Afternoon
POST-1187,23-11-2025,Sunday,10,Instagram,Image,Tutorial,38019,4242,4903,123,6,2,13,0,3.39,November,11,Morning
POST-1188,10-08-2025,Sunday,14,Instagram,Carousel,Education,38034,2543,4459,253,20,12,23,0,12.11,August,8,Afternoon
POST-1189,08-10-2025,Wednesday,16,Instagram,Image,Product,38071,2895,3136,70,5,3,3,0,2.8,October,10,Evening
POST-1190,03-05-2025,Saturday,9,LinkedIn,Video,Entertainment,38119,3181,5662,227,8,25,17,1034,8.71,May,5,Morning
POST-1191,20-05-2025,Tuesday,9,Instagram,Carousel,Entertainment,38167,7094,8590,367,57,35,36,0,6.98,May,5,Morning
POST-1192,07-07-2025,Monday,8,YouTube,Short,Entertainment,38211,2703,3231,137,7,7,2,1690,5.66,July,7,Morning
POST-1193,07-04-2025,Monday,21,LinkedIn,Carousel,Behind the Scenes,38227,2181,2984,77,3,3,11,0,4.31,April,4,Night
POST-1194,07-01-2025,Tuesday,20,Instagram,Image,Tutorial,38273,6837,10449,164,9,4,14,0,2.79,January,1,Night
POST-1195,25-05-2025,Sunday,10,Instagram,Image,Entertainment,38293,2017,3599,101,9,3,13,0,6.25,May,5,Morning
POST-1196,22-09-2025,Monday,13,Facebook,Video,Tutorial,38320,1992,2803,54,5,4,6,1254,3.46,September,9,Afternoon
POST-1197,06-04-2025,Sunday,17,Instagram,Carousel,Product,38370,1245,2145,90,3,2,1,0,7.71,April,4,Evening
POST-1198,11-09-2025,Thursday,18,LinkedIn,Carousel,Product,38386,4777,8206,202,10,19,4,0,4.92,September,9,Evening
POST-1199,07-08-2025,Thursday,13,Facebook,Image,Education,38424,3075,5499,246,8,14,31,0,9.72,August,8,Afternoon
POST-1200,03-06-2025,Tuesday,14,Instagram,Text,Announcement,38455,3428,4524,349,31,30,14,0,12.37,June,6,Afternoon
